mpid	formula	old_set	old_gap	new_set	new_gap	difference	why
mp-569416	C8	M	4.9680	E	4.1486	-0.8194	May production -> run with empty spheres
mp-25	N8	R	13.3923	E	12.6459	-0.7464	rerun -> run with empty spheres
mp-570747	N4	N	13.2531	E	12.5954	-0.6577	database run -> run with empty spheres
mp-3637	Y2O2F2	M	7.2720	N	7.7214	0.4494	May production -> database run
mp-27989	C2Br2N2	M	8.5160	E	8.0782	-0.4378	May production -> run with empty spheres
mp-5858	CdPtF6	M	5.7330	N	6.1443	0.4113	May production -> database run
mp-7848	AlPO4	M	9.6180	E	9.2456	-0.3724	May production -> run with empty spheres
mp-632296	H2F2	N	12.2537	E	11.8820	-0.3717	database run -> run with empty spheres
mp-3748	AlCuO2	M	3.3360	N	3.7053	0.3693	May production -> database run
mp-729933	C4O4	M	11.7520	E	11.3866	-0.3654	May production -> run with empty spheres
mp-7991	B2N2	N	6.5322	E	6.1739	-0.3583	database run -> run with empty spheres
mp-552131	Cs2Cl2O4	M	5.5590	N	5.9152	0.3562	May production -> database run
mp-644272	HCN	N	11.0539	E	10.6995	-0.3544	database run -> run with empty spheres
mp-22958	KBrO3	M	6.9750	N	6.6525	-0.3225	May production -> database run
mp-23057	Cs2Li2Br4	M	7.0230	E	6.7032	-0.3198	May production -> run with empty spheres
mp-553310	Cs2Cu2O4	M	3.1550	N	3.4656	0.3106	May production -> database run
mp-29149	Li4NCl	M	3.3620	N	3.6629	0.3009	May production -> database run
mp-545359	KNa2CuO2	M	3.7640	N	4.0640	0.3000	May production -> database run
mp-730101	H8	R	15.2306	E	15.5249	0.2943	rerun -> run with empty spheres
mp-154	N8	M	13.9300	E	13.6410	-0.2890	May production -> run with empty spheres
mp-28240	CSO	N	8.5609	E	8.2758	-0.2851	database run -> run with empty spheres
mp-7104	CsCaF3	M	11.3480	N	11.0674	-0.2806	May production -> database run
mp-4266	KAsF6	M	10.3240	N	10.5907	0.2667	May production -> database run
mp-9819	RbAsF6	M	10.5320	N	10.7985	0.2665	May production -> database run
mp-550070	Nb2Br4O2	M	2.3790	N	2.1170	-0.2620	May production -> database run
mp-22935	Cs2Br2F2	M	5.4000	E	5.6613	0.2613	May production -> run with empty spheres
mp-8560	SF6	N	12.1361	E	11.8936	-0.2425	database run -> run with empty spheres
mp-9144	LiAsF6	M	10.8110	N	11.0436	0.2326	May production -> database run
mp-643257	K2H4Pd	M	5.4750	E	5.2455	-0.2295	May production -> run with empty spheres
mp-23009	Ca2BrN	M	3.8670	N	4.0900	0.2230	May production -> database run
mp-614603	CsI	R	6.3070	E	6.0853	-0.2217	rerun -> run with empty spheres
mp-546864	Y2CN2O2	N	5.5748	E	5.3548	-0.2200	database run -> run with empty spheres
mp-5878	KZnF3	M	8.1920	N	8.4092	0.2172	May production -> database run
mp-19799	BaPbF6	M	6.6440	N	6.8597	0.2157	May production -> database run
mp-9820	CsAsF6	M	10.6610	N	10.8747	0.2137	May production -> database run
mp-7849	AlAsO4	R	8.2844	E	8.0728	-0.2116	rerun -> run with empty spheres
mp-23879	CaH2O2	M	7.3300	N	7.5394	0.2094	May production -> database run
mp-25469	Al2Cl6	M	8.0110	N	8.2189	0.2079	May production -> database run
mp-546633	KClO4	M	8.9280	E	8.7264	-0.2016	May production -> run with empty spheres
mp-27726	S2O4	R	6.6597	E	6.4603	-0.1994	rerun -> run with empty spheres
mp-8179	Li2Tl2O4	M	1.3910	N	1.1920	-0.1990	May production -> database run
mp-632291	H2	N	14.6757	E	14.4785	-0.1972	database run -> run with empty spheres
mp-571266	Ga2Cl6	R	7.6812	E	7.4882	-0.1930	rerun -> run with empty spheres
mp-546794	Si2O4	R	9.4359	E	9.2441	-0.1918	rerun -> run with empty spheres
mp-1066400	NaN3	N	7.0660	E	6.8742	-0.1918	database run -> run with empty spheres
mp-28602	Na3ClO	M	5.0140	N	5.2018	0.1878	May production -> database run
mp-561703	Au2C2Cl2O2	M	5.5960	E	5.7823	0.1863	May production -> run with empty spheres
mp-23184	B2Cl6	R	8.3366	E	8.1521	-0.1845	rerun -> run with empty spheres
mp-28599	Na4Br2O	M	4.7130	N	4.8974	0.1844	May production -> database run
mp-571653	C3N4	M	4.4850	N	4.3030	-0.1820	May production -> database run
mp-1017439	SrSiO3	M	4.7660	N	4.9448	0.1788	May production -> database run
mp-3277	BAsO4	M	8.2600	N	8.0824	-0.1776	May production -> database run
mp-31368	K2Cl2O4	M	5.9560	N	6.1333	0.1773	May production -> database run
mp-9306	Sr2ZnN2	M	1.6340	N	1.8081	0.1741	May production -> database run
mp-12957	O8	N	4.1868	E	4.0150	-0.1718	database run -> run with empty spheres
mp-22903	RbI	R	6.2770	E	6.1055	-0.1715	rerun -> run with empty spheres
mp-19845	TiPbO3	M	2.7220	N	2.8858	0.1638	May production -> database run
mp-1072104	Ge2O4	M	3.8490	N	3.6871	-0.1619	May production -> database run
mp-29484	K4HgAs2	M	1.5460	E	1.7069	0.1609	May production -> run with empty spheres
mp-715566	Cr2O6	M	4.3650	N	4.2046	-0.1604	May production -> database run
mp-5475	NaTaN2	M	2.2990	N	2.4579	0.1589	May production -> database run
mp-672233	N4	N	13.4952	E	13.3369	-0.1583	database run -> run with empty spheres
mp-655275	HgC2S2N2	M	4.2510	E	4.0927	-0.1583	May production -> run with empty spheres
mp-27502	C2N2Cl2	M	9.1700	E	9.0123	-0.1577	May production -> run with empty spheres
mp-10417	K2Sb2O4	M	3.6200	N	3.7777	0.1577	May production -> database run
mp-10175	KCdF3	M	6.8990	N	7.0558	0.1568	May production -> database run
mp-3654	RbCaF3	M	10.5900	N	10.7464	0.1564	May production -> database run
mp-30200	Bi2CO5	M	2.5920	N	2.7481	0.1561	May production -> database run
mp-550759	RbClO4	M	8.9670	E	8.8121	-0.1549	May production -> run with empty spheres
mp-10918	Rb2PdC2	M	2.9010	N	3.0552	0.1542	May production -> database run
mp-1079156	Ag2Cl2O4	R	4.2121	E	4.0607	-0.1514	rerun -> run with empty spheres
mp-1084785	K2Al2O4	M	5.6340	N	5.7833	0.1493	May production -> database run
mp-1078085	Cs2PdCl4	M	4.5900	E	4.7360	0.1460	May production -> run with empty spheres
mp-12883	P8	M	5.0420	E	4.8971	-0.1449	May production -> run with empty spheres
mp-7439	K3Cu3P2	M	1.9860	N	2.1308	0.1448	May production -> database run
mp-1019258	Sr2F4	M	9.6400	N	9.7833	0.1433	May production -> database run
mp-28243	Rb2Li2Cl4	M	8.0250	N	8.1680	0.1430	May production -> database run
mp-559044	Cu2C2S2N2	M	3.5560	E	3.4143	-0.1417	May production -> run with empty spheres
mp-634676	K2H2S2	M	5.6720	N	5.8119	0.1399	May production -> database run
mp-8644	Ba2F4	M	9.7730	N	9.6359	-0.1371	May production -> database run
mp-1079707	Ca4O4	R	4.8484	E	4.7125	-0.1359	rerun -> run with empty spheres
mp-5986	BaTiO3	M	3.3870	N	3.5223	0.1353	May production -> database run
mp-558836	MoF6	M	7.8390	E	7.9719	0.1329	May production -> run with empty spheres
mp-7604	Mg3NF3	M	7.0260	N	7.1588	0.1328	May production -> database run
mp-7482	RbHgF3	M	3.4250	N	3.5561	0.1311	May production -> database run
mp-27666	Ir2Cl6	M	3.9620	N	3.8315	-0.1305	May production -> database run
mp-3307	BaSO4	R	7.1158	E	6.9859	-0.1299	rerun -> run with empty spheres
mp-984	B2N2	N	6.5643	E	6.4365	-0.1278	database run -> run with empty spheres
mp-1078195	Si2I6	N	4.9401	E	4.8123	-0.1278	database run -> run with empty spheres
mp-28260	WBr4O	M	2.7560	N	2.6289	-0.1271	May production -> database run
mp-550751	BaBeSiO4	M	7.0500	E	6.9252	-0.1248	May production -> run with empty spheres
mp-14069	Cs2Al2O4	M	7.0600	N	7.1840	0.1240	May production -> database run
mp-571436	SnI4	M	3.3590	E	3.2350	-0.1240	May production -> run with empty spheres
mp-11875	C4O4	N	12.1057	E	11.9848	-0.1209	database run -> run with empty spheres
mp-7610	Li2CaSiO4	M	7.8640	N	7.9849	0.1209	May production -> database run
mp-580886	Zr2I2N2	M	2.0040	N	2.1226	0.1186	May production -> database run
mp-540584	K2PdO2	M	3.7820	N	3.9003	0.1183	May production -> database run
mp-672285	CuCSN	N	3.5956	E	3.4775	-0.1181	database run -> run with empty spheres
mp-30068	CIN	N	7.6069	E	7.4904	-0.1165	database run -> run with empty spheres
mp-5347	KAlF4	M	11.8130	N	11.6965	-0.1165	May production -> database run
mp-643364	H2Pb2Cl2O2	M	4.3650	N	4.4797	0.1147	May production -> database run
mp-1954	P3N5	M	4.2630	N	4.3766	0.1136	May production -> database run
mp-30952	Ga2Cl6	R	7.3530	E	7.2399	-0.1131	rerun -> run with empty spheres
mp-1602	Si2S4	M	4.9010	N	5.0129	0.1119	May production -> database run
mp-1077906	C2O4	M	10.0890	E	9.9772	-0.1118	May production -> run with empty spheres
mp-27754	WCl4O	M	3.8830	N	3.7712	-0.1118	May production -> database run
mp-23225	B2Br6	M	6.7230	E	6.6121	-0.1109	May production -> run with empty spheres
mp-863745	RbSrCO3F	N	7.2550	E	7.1479	-0.1071	database run -> run with empty spheres
mp-9816	GeF4	R	10.5390	E	10.4332	-0.1058	rerun -> run with empty spheres
mp-9631	Al2Ag2O4	M	3.2160	N	3.3211	0.1051	May production -> database run
mp-5893	CaSiO3	M	6.1870	N	6.2917	0.1047	May production -> database run
mp-19178	Co2Ag2O4	M	1.8370	N	1.7324	-0.1046	May production -> database run
mp-4405	Rb3AuO	M	1.8470	N	1.7425	-0.1045	May production -> database run
mp-2232	C2S4	M	6.6230	E	6.5185	-0.1045	May production -> run with empty spheres
mp-8874	LiSiBO4	M	9.4830	N	9.5860	0.1030	May production -> database run
mp-5588	BaSiF6	M	12.1110	N	12.2133	0.1023	May production -> database run
mp-7611	Li2CaGeO4	M	6.6930	N	6.7951	0.1021	May production -> database run
mp-28302	K4CdP2	M	1.7010	E	1.8023	0.1013	May production -> run with empty spheres
mp-3589	BPO4	M	11.0120	N	10.9109	-0.1011	May production -> database run
mp-7599	Be4O4	M	10.4890	N	10.3885	-0.1005	May production -> database run
mp-5488	Li2In2O4	M	3.8550	N	3.7554	-0.0996	May production -> database run
mp-644607	C2O4	R	10.2765	E	10.1771	-0.0994	rerun -> run with empty spheres
mp-10426	Nb2O5	M	3.0900	N	2.9908	-0.0992	May production -> database run
mp-28872	RbBrO3	M	6.9200	N	6.8217	-0.0983	May production -> database run
mp-27962	CI4	R	3.2780	E	3.1799	-0.0981	rerun -> run with empty spheres
mp-542791	Zr2N2Cl2	M	3.2510	N	3.3483	0.0973	May production -> database run
mp-27207	K2MgCl4	N	7.9303	E	7.8337	-0.0966	database run -> run with empty spheres
mp-1029	BaF2	N	10.3650	E	10.2686	-0.0964	database run -> run with empty spheres
mp-7811	SrSO4	R	6.5843	E	6.4886	-0.0957	rerun -> run with empty spheres
mp-510657	VCu3O4	M	0.7170	N	0.6215	-0.0955	May production -> database run
mp-11917	MgBe2N2	M	5.8740	N	5.9692	0.0952	May production -> database run
mp-147	Se6	M	2.5550	E	2.4605	-0.0945	May production -> run with empty spheres
mp-22009	Pb2Se2	M	2.9260	E	2.8316	-0.0944	May production -> run with empty spheres
mp-2574	Zr2O4	M	6.2320	N	6.1380	-0.0940	May production -> database run
mp-28171	K3IO	M	3.1670	N	3.2605	0.0935	May production -> database run
mp-551456	Ba2CuClO2	R	4.4647	E	4.3723	-0.0924	rerun -> run with empty spheres
mp-551629	CsLiMoO4	M	6.9110	E	7.0022	0.0912	May production -> run with empty spheres
mp-7826	Hg3O3	M	2.5850	N	2.4940	-0.0910	May production -> database run
mp-23454	Cs2Ag2Br4	M	4.0680	N	4.1587	0.0907	May production -> database run
mp-28237	Rb2Li2Br4	M	6.9420	N	7.0324	0.0904	May production -> database run
mp-16755	MgAl2S4	M	3.9360	E	3.8457	-0.0903	May production -> run with empty spheres
mp-632711	In2H2O4	M	4.0640	N	3.9738	-0.0902	May production -> database run
mp-441	Rb2Te	N	3.7043	E	3.6154	-0.0889	database run -> run with empty spheres
mp-8299	Sr4As2O	M	2.2540	N	2.1665	-0.0875	May production -> database run
mp-554867	Ta2O5	M	1.8500	N	1.7637	-0.0863	May production -> database run
mp-4551	SrHfO3	M	6.1410	N	6.2268	0.0858	May production -> database run
mp-23024	Sr2Br2F2	M	7.6380	N	7.7237	0.0857	May production -> database run
mp-19443	W2O6	M	1.7690	E	1.6833	-0.0857	May production -> run with empty spheres
mp-7	S6	R	4.0116	E	3.9260	-0.0856	rerun -> run with empty spheres
mp-9774	Ba4Sb2O	M	1.7080	N	1.6226	-0.0854	May production -> database run
mp-571550	Sb2TeSe2	M	0.8100	N	0.8949	0.0849	May production -> database run
mp-1933	Cu3N	N	0.8611	E	0.9453	0.0842	database run -> run with empty spheres
mp-743	Rb2N6	M	6.8930	N	6.9768	0.0838	May production -> database run
mp-19896	Li2GePbS4	M	3.3500	N	3.2671	-0.0829	May production -> database run
mp-23074	Bi2O2F2	M	4.9990	N	5.0815	0.0825	May production -> database run
mp-1071955	AlPS4	N	4.7892	E	4.7068	-0.0824	database run -> run with empty spheres
mp-27529	P2I6	M	3.8040	E	3.7221	-0.0819	May production -> run with empty spheres
mp-552934	Ba2CuBrO2	R	4.3938	E	4.3121	-0.0817	rerun -> run with empty spheres
mp-684	Ba2S4	M	3.7190	N	3.6374	-0.0816	May production -> database run
mp-546711	CsClO4	N	8.9536	E	8.8720	-0.0816	database run -> run with empty spheres
mp-865427	KSrCO3F	M	7.0860	E	7.1676	0.0816	May production -> run with empty spheres
mp-11175	LiZnPS4	M	4.6050	N	4.5235	-0.0815	May production -> database run
mp-634657	Na2H2S2	M	5.7200	N	5.6386	-0.0814	May production -> database run
mp-7547	Ba2Se4	M	2.4130	N	2.3318	-0.0812	May production -> database run
mp-24419	SrLiH3	M	4.3540	N	4.2732	-0.0808	May production -> database run
mp-1078181	Si2Br6	M	6.4830	E	6.5637	0.0807	May production -> run with empty spheres
mp-1071625	C2Se4	M	4.5790	E	4.4992	-0.0798	May production -> run with empty spheres
mp-1095181	N6Cl2	R	6.5071	E	6.4275	-0.0796	rerun -> run with empty spheres
mp-29009	Li2MgBr4	M	7.1290	N	7.0495	-0.0795	May production -> database run
mp-644385	HCN	N	11.3762	E	11.2979	-0.0783	database run -> run with empty spheres
mp-27869	Ba2PCl	M	2.4240	N	2.3461	-0.0779	May production -> database run
mp-9386	CsAu3Se2	M	3.3180	N	3.2403	-0.0777	May production -> database run
mp-2400	Na4S4	M	3.3560	N	3.4329	0.0769	May production -> database run
mp-5513	Tl3VS4	M	2.9460	N	2.8695	-0.0765	May production -> database run
mp-28166	K3BrO	M	3.2190	N	3.2951	0.0761	May production -> database run
mp-29803	Si2H2	M	3.7840	E	3.7082	-0.0758	May production -> run with empty spheres
mp-24205	Sr2H2I2	M	5.3880	N	5.3127	-0.0753	May production -> database run
mp-22848	Cl4	N	5.8556	E	5.7805	-0.0751	database run -> run with empty spheres
mp-1025396	NbTl3Se4	M	2.9730	N	2.8980	-0.0750	May production -> database run
mp-12532	KAg2PS4	M	2.6390	N	2.5643	-0.0747	May production -> database run
mp-1078676	Tl2SnHgSe4	M	1.6150	N	1.5406	-0.0744	May production -> database run
mp-551905	OsO4	R	6.3278	E	6.2536	-0.0742	rerun -> run with empty spheres
mp-827	K2N6	M	7.3150	N	7.2412	-0.0738	May production -> database run
mp-1077078	K2C2N2	M	8.9640	N	9.0371	0.0731	May production -> database run
mp-28553	Ca4I2N2	M	3.5450	N	3.6181	0.0731	May production -> database run
mp-570572	C3N4	R	3.7486	E	3.6760	-0.0726	rerun -> run with empty spheres
mp-9146	CdHgO2	M	2.0230	N	1.9507	-0.0723	May production -> database run
mp-632808	BaLiH3	M	3.4590	N	3.5310	0.0720	May production -> database run
mp-27724	BPS4	M	4.1280	N	4.1997	0.0717	May production -> database run
mp-540789	Pb2I4	M	3.5680	E	3.6393	0.0713	May production -> run with empty spheres
mp-720166	V2O5	M	2.4190	N	2.3477	-0.0713	May production -> database run
mp-22956	K2PdCl4	M	4.3150	E	4.3860	0.0710	May production -> run with empty spheres
mp-632229	H2Br2	N	7.7827	E	7.7133	-0.0694	database run -> run with empty spheres
mp-8621	K2PtSe2	M	2.4140	N	2.3453	-0.0687	May production -> database run
mp-5827	CaTiO3	M	3.8200	N	3.7515	-0.0685	May production -> database run
mp-5782	Al2Ag2S4	M	3.4940	N	3.4258	-0.0682	May production -> database run
mp-550172	Sn2O4	M	2.7850	N	2.7171	-0.0679	May production -> database run
mp-22897	Hg2Cl2	N	4.1565	E	4.0892	-0.0673	database run -> run with empty spheres
mp-12509	Y2Zn2P2O2	M	2.0400	N	2.1065	0.0665	May production -> database run
mp-22957	Sr2Cl2F2	M	8.6610	N	8.7274	0.0664	May production -> database run
mp-22984	Na2Bi2O4	M	2.3150	N	2.2491	-0.0659	May production -> database run
mp-27138	K2PdBr4	M	3.7580	E	3.6923	-0.0657	May production -> run with empty spheres
mp-23737	KMgH3	M	5.2920	N	5.3573	0.0653	May production -> database run
mp-570172	Hg2I2Br2	N	4.0986	E	4.0335	-0.0651	database run -> run with empty spheres
mp-9479	MgAl2Se4	M	2.7650	E	2.6999	-0.0651	May production -> run with empty spheres
mp-30988	K2Bi2O4	M	3.2100	N	3.2748	0.0648	May production -> database run
mp-2672	K4O4	M	5.4360	N	5.5005	0.0645	May production -> database run
mp-32780	Au4Cl4	M	3.2390	N	3.1746	-0.0644	May production -> database run
mp-644222	Cd2H2Cl2O2	M	4.7490	N	4.8133	0.0643	May production -> database run
mp-567299	KC2IN2	R	7.5927	E	7.5286	-0.0641	rerun -> run with empty spheres
mp-5841	RbCuC2	M	3.8770	N	3.9409	0.0639	May production -> database run
mp-917	Ca2C4	M	4.5310	N	4.5942	0.0632	May production -> database run
mp-562090	Cu2C2Cl2O2	M	5.4450	N	5.5082	0.0632	May production -> database run
mp-23177	Hg2Br2	N	3.6041	E	3.5418	-0.0623	database run -> run with empty spheres
mp-19833	In2Ag2S4	M	1.5870	N	1.5247	-0.0623	May production -> database run
mp-614013	CsSnI3	M	1.2400	E	1.1788	-0.0612	May production -> run with empty spheres
mp-550714	Pb4O4	M	3.3720	N	3.4328	0.0608	May production -> database run
mp-27546	Ca2Cl2F2	M	9.0750	N	9.0144	-0.0606	May production -> database run
mp-730189	C2Br2N2	N	8.4117	E	8.3513	-0.0604	database run -> run with empty spheres
mp-23364	Cs2Li2Cl4	N	7.9575	E	7.8971	-0.0604	database run -> run with empty spheres
mp-8211	Ga2Ge2Te2	M	1.0610	E	1.1211	0.0601	May production -> run with empty spheres
mp-570589	Se4Br4	R	3.1728	E	3.1131	-0.0597	rerun -> run with empty spheres
mp-10166	Na2Al2Se4	M	3.8220	N	3.7628	-0.0592	May production -> database run
mp-23189	B2I6	M	4.8700	E	4.8108	-0.0592	May production -> run with empty spheres
mp-10293	Ba2C4	M	4.3930	N	4.3347	-0.0583	May production -> database run
mp-553875	Zr2SN2	M	1.7240	N	1.6664	-0.0576	May production -> database run
mp-1062676	K2Pt	N	3.0504	E	2.9937	-0.0567	database run -> run with empty spheres
mp-22859	Hg2I2	N	2.9054	E	2.8492	-0.0562	database run -> run with empty spheres
mp-7077	K2Au2S2	M	3.6690	N	3.7252	0.0562	May production -> database run
mp-571555	In2Cl2	M	2.1830	E	2.1270	-0.0560	May production -> run with empty spheres
mp-4782	CaSnF6	R	10.6140	E	10.5585	-0.0555	rerun -> run with empty spheres
mp-23933	Al2H6	M	5.1250	N	5.0696	-0.0554	May production -> database run
mp-27418	KAuO2	M	3.4620	N	3.4068	-0.0552	May production -> database run
mp-570935	Li2I2	N	6.6233	E	6.5682	-0.0551	database run -> run with empty spheres
mp-27702	In2Cl2O2	M	4.5070	N	4.5621	0.0551	May production -> database run
mp-8752	Na4CdP2	M	1.8450	N	1.7901	-0.0549	May production -> database run
mp-6070	Ag2C2N2O2	R	4.6403	E	4.5859	-0.0544	rerun -> run with empty spheres
mp-613910	BaNiF6	M	5.3730	N	5.4274	0.0544	May production -> database run
mp-29266	Cs2S2	N	3.9263	E	3.8724	-0.0539	database run -> run with empty spheres
mp-7928	K2PtS2	M	2.8770	N	2.8233	-0.0537	May production -> database run
mp-8352	Si2O4	M	8.9110	E	8.8578	-0.0532	May production -> run with empty spheres
mp-28483	WBr6	M	2.1480	E	2.0948	-0.0532	May production -> run with empty spheres
mp-562561	Mo2O6	M	3.6390	N	3.6919	0.0529	May production -> database run
mp-545788	Ba3ZnN2O	M	1.5710	N	1.6232	0.0522	May production -> database run
mp-1087215	NaAsF6	R	11.1874	E	11.2393	0.0519	rerun -> run with empty spheres
mp-15668	Na4Se4	M	2.2710	N	2.2193	-0.0517	May production -> database run
mp-27871	Rh2Br6	M	2.6110	N	2.6627	0.0517	May production -> database run
mp-10009	Ga4Te4	M	1.3880	E	1.4396	0.0516	May production -> run with empty spheres
mp-570002	C8	M	4.5870	N	4.6383	0.0513	May production -> database run
mp-10408	K2CN2	M	5.6080	N	5.6590	0.0510	May production -> database run
mp-19412	VAg3O4	M	2.1060	N	2.0555	-0.0505	May production -> database run
mp-542112	CaZrO3	M	5.4360	N	5.3857	-0.0503	May production -> database run
mp-5246	KNbO3	M	3.4600	N	3.4098	-0.0502	May production -> database run
mp-3762	VCu3S4	M	1.9590	N	2.0089	0.0499	May production -> database run
mp-1179443	Si2Se4	M	3.7110	E	3.6612	-0.0498	May production -> run with empty spheres
mp-1266	Na2Se	N	4.1338	E	4.0841	-0.0497	database run -> run with empty spheres
mp-7786	CsCu3S2	M	3.0700	E	3.0205	-0.0495	May production -> run with empty spheres
mp-1525634	I4	N	2.1333	E	2.0846	-0.0487	database run -> run with empty spheres
mp-1078300	Sc2F6	R	11.9396	E	11.8913	-0.0483	rerun -> run with empty spheres
mp-27850	Ti2N2Cl2	M	1.9480	N	1.9002	-0.0478	May production -> database run
mp-1747	K2Te	N	3.9302	E	3.8827	-0.0475	database run -> run with empty spheres
mp-8300	Ba4As2O	M	1.6280	N	1.6755	0.0475	May production -> database run
mp-549720	Nb2I4O2	M	1.6910	N	1.7384	0.0474	May production -> database run
mp-947	Au4S2	M	3.2000	N	3.2474	0.0474	May production -> database run
mp-7907	Al2ZnSe4	M	3.7880	N	3.7407	-0.0473	May production -> database run
mp-568100	ReNCl4	M	2.9030	N	2.8560	-0.0470	May production -> database run
mp-1079645	K2CdSnSe4	M	2.9060	N	2.9526	0.0466	May production -> database run
mp-545756	ZnSO4	N	8.5351	E	8.5816	0.0465	database run -> run with empty spheres
mp-23281	Sb2I6	M	2.8990	E	2.9454	0.0464	May production -> run with empty spheres
mp-20485	In4Se4	M	1.4460	E	1.4922	0.0462	May production -> run with empty spheres
mp-2530	Li2Te	N	3.8250	E	3.8708	0.0458	database run -> run with empty spheres
mp-1039	Mg2Te2	N	3.9221	E	3.8765	-0.0456	database run -> run with empty spheres
mp-5425	Rb2Cu2C4	M	4.0140	N	4.0596	0.0456	May production -> database run
mp-1943	Ga4Se4	M	2.2940	N	2.3395	0.0455	May production -> database run
mp-558071	Rb2S2	N	4.0672	E	4.0217	-0.0455	database run -> run with empty spheres
mp-10919	Rb2PtC2	M	2.3590	N	2.3136	-0.0454	May production -> database run
mp-27729	I2Cl6	M	4.3480	E	4.3027	-0.0453	May production -> run with empty spheres
mp-13660	Ca4Sb2O	M	2.0140	N	2.0592	0.0452	May production -> database run
mp-2516584	C4	N	2.4767	E	2.4319	-0.0448	database run -> run with empty spheres
mp-5955	NaSbF6	R	10.6238	E	10.6685	0.0447	rerun -> run with empty spheres
mp-7929	Rb2PtS2	M	2.7560	N	2.8007	0.0447	May production -> database run
mp-4586	Li2Al2Te4	M	3.4850	N	3.4405	-0.0445	May production -> database run
mp-23752	Cs2MgH4	M	5.3450	N	5.3005	-0.0445	May production -> database run
mp-30004	Rb4Br2O	R	2.8235	E	2.7791	-0.0444	rerun -> run with empty spheres
mp-1091384	NbTl3S4	M	3.4460	N	3.4016	-0.0444	May production -> database run
mp-8799	Rb2Na2S2	M	4.2520	N	4.2963	0.0443	May production -> database run
mp-4043	NbCu3Se4	M	2.2930	N	2.2491	-0.0439	May production -> database run
mp-4170	NaTaO3	M	4.1810	N	4.2249	0.0439	May production -> database run
mp-541911	Hf2N2Cl2	M	3.9560	N	3.9999	0.0439	May production -> database run
mp-1086652	Ba2Ag2S2F2	M	2.7700	N	2.8139	0.0439	May production -> database run
mp-20337	ZrPbO3	M	3.9640	N	3.9202	-0.0438	May production -> database run
mp-8978	Cs2Nb2N4	M	2.4980	N	2.5416	0.0436	May production -> database run
mp-22945	Te2Rh2Cl2	M	1.5860	N	1.5428	-0.0432	May production -> database run
mp-16319	Rb6Sb2	M	0.9060	N	0.9491	0.0431	May production -> database run
mp-1205315	Li2Bi2O4	M	1.9070	N	1.8641	-0.0429	May production -> database run
mp-570886	Be2I4	M	6.1370	N	6.0942	-0.0428	May production -> database run
mp-14091	Al2Ag2Se4	M	2.6220	N	2.5793	-0.0427	May production -> database run
mp-22987	Bi2I2O2	M	2.5570	N	2.5145	-0.0425	May production -> database run
mp-8401	CsMgF3	M	10.8210	N	10.7786	-0.0424	May production -> database run
mp-570157	Zr2Br2N2	M	3.4140	N	3.3718	-0.0422	May production -> database run
mp-23859	Ca2H2Cl2	M	6.4410	N	6.4831	0.0421	May production -> database run
mp-727323	Pb2S2	M	3.2310	E	3.1889	-0.0421	May production -> run with empty spheres
mp-10550	SrMg2N2	M	2.9570	N	2.9989	0.0419	May production -> database run
mp-29889	Tl2PdCl4	M	2.9850	E	2.9433	-0.0417	May production -> run with empty spheres
mp-22964	Pb2Cl2F2	M	5.1880	N	5.1463	-0.0417	May production -> database run
mp-22995	Ag3SI	M	1.5340	N	1.5756	0.0416	May production -> database run
mp-5048	Li2Ga2Te4	M	2.8100	N	2.7685	-0.0415	May production -> database run
mp-505824	Cs2PdC2	M	3.1200	N	3.1614	0.0414	May production -> database run
mp-570256	Ag2HgI4	M	2.5400	N	2.4986	-0.0414	May production -> database run
mp-20731	In2HgSe4	M	1.5640	N	1.5227	-0.0413	May production -> database run
mp-10102	KAgC2	M	4.5850	N	4.6259	0.0409	May production -> database run
mp-573755	Cs2Te2Au2	M	2.3440	N	2.3031	-0.0409	May production -> database run
mp-841	Li4O4	M	5.8430	N	5.8026	-0.0404	May production -> database run
mp-552169	Ag2Cl2O4	R	3.7989	E	3.7586	-0.0403	rerun -> run with empty spheres
mp-470	Ge2O4	M	4.2460	N	4.2059	-0.0401	May production -> database run
mp-632326	H2Cl2	N	9.2988	E	9.2588	-0.0400	database run -> run with empty spheres
mp-1068977	K2PdC2	M	2.8590	N	2.8987	0.0397	May production -> database run
mp-4809	Ga2HgS4	M	2.8310	N	2.7916	-0.0394	May production -> database run
mp-571079	Tl2Cl2	M	3.8890	N	3.9283	0.0393	May production -> database run
mp-22888	Ca2Br4	M	7.1460	N	7.1852	0.0392	May production -> database run
mp-3834	BaZrO3	M	5.3300	N	5.2912	-0.0388	May production -> database run
mp-24504	H4	N	15.7507	E	15.7121	-0.0386	database run -> run with empty spheres
mp-7582	Ge2S4	M	4.1660	N	4.2045	0.0385	May production -> database run
mp-1017552	Bi2O3	M	1.8660	N	1.8276	-0.0384	May production -> database run
mp-27193	RbIO3	M	4.9550	N	4.9934	0.0384	May production -> database run
mp-559470	Ag2Pb2Br2O2	M	1.7240	E	1.6856	-0.0384	May production -> run with empty spheres
mp-10163	Na2Al2Te4	M	2.3100	N	2.3480	0.0380	May production -> database run
mp-11824	Ca3PN	M	1.9020	N	1.9399	0.0379	May production -> database run
mp-935811	KNbO3	M	2.6620	N	2.6998	0.0378	May production -> database run
mp-28051	Sb2Te2I2	M	1.4110	N	1.3732	-0.0378	May production -> database run
mp-5342	Ga2Ag2S4	M	2.3710	N	2.3332	-0.0378	May production -> database run
mp-7433	Na2Cu2Se2	M	1.3150	N	1.2777	-0.0373	May production -> database run
mp-972937	Sc2Al2C2O2	M	1.5380	N	1.5751	0.0371	May production -> database run
mp-7908	Al2ZnTe4	M	2.7220	N	2.6850	-0.0370	May production -> database run
mp-22909	Zn2Cl4	M	6.9350	N	6.9717	0.0367	May production -> database run
mp-9565	CaMg2Sb2	M	1.6250	E	1.6617	0.0367	May production -> run with empty spheres
mp-7910	Al2HgTe4	M	2.0500	N	2.0133	-0.0367	May production -> database run
mp-239	Ba2S6	M	3.0430	N	3.0065	-0.0365	May production -> database run
mp-5020	BaTiO3	M	4.2040	N	4.2404	0.0364	May production -> database run
mp-9920	Ti2S6	M	1.1450	N	1.1087	-0.0363	May production -> database run
mp-1068340	CsGeBr3	M	2.5590	N	2.5228	-0.0362	May production -> database run
mp-20463	CaPbF6	R	8.3203	E	8.2841	-0.0362	rerun -> run with empty spheres
mp-29443	P2I4	M	3.3630	E	3.3272	-0.0358	May production -> run with empty spheres
mp-541912	Zr2Br2N2	M	2.9090	N	2.9448	0.0358	May production -> database run
mp-23192	Hg2I4	M	2.5990	N	2.5633	-0.0357	May production -> database run
mp-23292	Hg2Br4	M	4.4900	E	4.4544	-0.0356	May production -> run with empty spheres
mp-28069	Ca3AsCl3	M	3.9730	N	3.9375	-0.0355	May production -> database run
mp-28650	CsBr2F	N	4.6684	E	4.7037	0.0353	database run -> run with empty spheres
mp-20832	ZnIn2Te4	M	1.7690	N	1.7337	-0.0353	May production -> database run
mp-28377	CsGeI3	M	1.9630	N	1.9279	-0.0351	May production -> database run
mp-7608	Li2PdO2	M	3.5380	N	3.5729	0.0349	May production -> database run
mp-574599	Cs2Au2Se2	M	3.2630	N	3.2979	0.0349	May production -> database run
mp-568018	Rb2Sb4	M	1.0420	N	1.0767	0.0347	May production -> database run
mp-23072	Bi2Br2O2	M	3.2640	N	3.2984	0.0344	May production -> database run
mp-9486	K2AlF5	M	11.0870	E	11.1210	0.0340	May production -> run with empty spheres
mp-7642	K4Ag2As2	M	2.0830	N	2.0491	-0.0339	May production -> database run
mp-1069193	PdN2Cl2	M	1.2290	E	1.2628	0.0338	May production -> run with empty spheres
mp-14205	K3Cu3As2	M	2.1310	N	2.0975	-0.0335	May production -> database run
mp-8041	Rb2S	N	3.9228	E	3.8895	-0.0333	database run -> run with empty spheres
mp-22988	CsGeCl3	M	3.8440	N	3.8773	0.0333	May production -> database run
mp-10644	TaTl3Se4	M	3.0660	N	3.0993	0.0333	May production -> database run
mp-3216	Li2ZrN2	M	2.9900	N	3.0232	0.0332	May production -> database run
mp-23846	K2H2F4	M	11.7480	N	11.7810	0.0330	May production -> database run
mp-568346	Hf2Br2N2	M	3.8300	N	3.7971	-0.0329	May production -> database run
mp-23353	Cu2HgI4	M	1.8500	N	1.8829	0.0329	May production -> database run
mp-28248	Cd2I4	M	3.9420	E	3.9749	0.0329	May production -> run with empty spheres
mp-1598	Na6P2	M	1.3950	N	1.4277	0.0327	May production -> database run
mp-4081	TaCu3Se4	M	2.6300	N	2.5974	-0.0326	May production -> database run
mp-10418	Rb2Sb2O4	M	4.1000	N	4.1324	0.0324	May production -> database run
mp-23173	Hg2I4	M	3.8490	E	3.8167	-0.0323	May production -> run with empty spheres
mp-7204	Ca2Zn2S2O2	M	4.4160	N	4.4483	0.0323	May production -> database run
mp-8224	CaSnF6	R	10.6624	E	10.6947	0.0323	rerun -> run with empty spheres
mp-24204	Ca2H2I2	M	5.4060	N	5.4381	0.0321	May production -> database run
mp-22969	Pb2I2F2	M	3.3740	N	3.4059	0.0319	May production -> database run
mp-571518	WCl6	R	3.4960	E	3.4642	-0.0318	rerun -> run with empty spheres
mp-1079720	Ag4O4	M	0.6240	N	0.5922	-0.0318	May production -> database run
mp-20878	Pb4O4	M	3.1680	N	3.1998	0.0318	May production -> database run
mp-1070375	CsSnCl3	M	1.9940	N	2.0257	0.0317	May production -> database run
mp-1078469	Cu2P2N4	M	3.1470	N	3.1153	-0.0317	May production -> database run
mp-5229	SrTiO3	M	3.5970	N	3.6286	0.0316	May production -> database run
mp-1080650	Ba2Cu2S2F2	M	3.0790	N	3.1106	0.0316	May production -> database run
mp-561320	Pb2S2	M	4.1200	E	4.1508	0.0308	May production -> run with empty spheres
mp-2784	Na2Te	N	3.8085	E	3.7780	-0.0305	database run -> run with empty spheres
mp-22313	Na2PtO2	M	3.8060	N	3.8365	0.0305	May production -> database run
mp-8016	Al2Cu2Se4	M	2.3200	N	2.2895	-0.0305	May production -> database run
mp-8017	Al2Cu2Te4	M	2.2420	N	2.2115	-0.0305	May production -> database run
mp-19183	Li2NiO2	R	2.7837	N	2.8136	0.0299	rerun -> database run
mp-5256	K2Cu2C4	M	3.9990	N	4.0285	0.0295	May production -> database run
mp-34903	Mg2Ge2P4	M	2.1930	N	2.1636	-0.0294	May production -> database run
mp-23432	Ba2Cl2F2	M	8.3470	N	8.3179	-0.0291	May production -> database run
mp-2371	Ga2Te5	N	1.5459	E	1.5169	-0.0290	database run -> run with empty spheres
mp-157	P4	M	0.7470	N	0.7180	-0.0290	May production -> database run
mp-505825	Cs2PtC2	M	2.4340	N	2.4629	0.0289	May production -> database run
mp-1546049	I2Cl6	N	3.9042	E	3.8755	-0.0287	database run -> run with empty spheres
mp-8430	K2Li2S2	M	5.0790	N	5.0504	-0.0286	May production -> database run
mp-23218	As2I6	R	3.4126	E	3.3840	-0.0286	rerun -> run with empty spheres
mp-8397	CsSrF3	M	10.3060	N	10.2774	-0.0286	May production -> database run
mp-9846	Rb2Ca2Sb2	M	2.5760	N	2.5476	-0.0284	May production -> database run
mp-568661	CdIn2Se4	M	1.7950	N	1.8229	0.0279	May production -> database run
mp-19765	In2HgTe4	M	1.2770	N	1.2493	-0.0277	May production -> database run
mp-1818	SiF4	M	13.0210	E	12.9939	-0.0271	May production -> run with empty spheres
mp-8039	AlF3	R	12.8374	E	12.8643	0.0269	rerun -> run with empty spheres
mp-7905	Si2O4	M	8.2370	E	8.2101	-0.0269	May production -> run with empty spheres
mp-1078419	Na3PSe4	M	2.7260	N	2.6994	-0.0266	May production -> database run
mp-1087504	KZn4P3	M	1.4220	N	1.3954	-0.0266	May production -> database run
mp-5046	BeSO4	M	10.6000	N	10.6265	0.0265	May production -> database run
mp-1575	Ca2C4	M	4.2900	N	4.3165	0.0265	May production -> database run
mp-23710	Mg2H4	M	6.5420	N	6.5155	-0.0265	May production -> database run
mp-556742	Ga4S4	M	3.1810	N	3.1546	-0.0264	May production -> database run
mp-1070498	Rb2Te2Pt	M	2.0930	N	2.0670	-0.0260	May production -> database run
mp-644203	CsCaH3	M	5.9280	N	5.9538	0.0258	May production -> database run
mp-1079260	In4Se4	N	1.8005	E	1.8262	0.0257	database run -> run with empty spheres
mp-559278	K4S2	M	3.8380	N	3.8636	0.0256	May production -> database run
mp-4009	Ba2Pd2S4	M	1.4500	N	1.4244	-0.0256	May production -> database run
mp-6867	KCaCO3F	M	7.4000	E	7.4254	0.0254	May production -> run with empty spheres
mp-19390	WO3	N	1.5494	E	1.5241	-0.0253	database run -> run with empty spheres
mp-554310	TlBiS2	M	0.8100	N	0.7848	-0.0252	May production -> database run
mp-561075	Na2CdSnS4	M	3.4740	N	3.4490	-0.0250	May production -> database run
mp-7375	KNbO3	M	3.6690	N	3.6940	0.0250	May production -> database run
mp-6947	Si2O4	M	8.0990	N	8.1238	0.0248	May production -> database run
mp-1069533	Hf2SN2	M	3.2460	N	3.2213	-0.0247	May production -> database run
mp-9010	Rb2Au2S2	M	3.6370	N	3.6123	-0.0247	May production -> database run
mp-1224	Hg4O4	M	2.4870	N	2.4623	-0.0247	May production -> database run
mp-568598	Cu2HgI4	M	1.5540	N	1.5293	-0.0247	May production -> database run
mp-30055	Rb3BrO	M	2.5800	N	2.6047	0.0247	May production -> database run
mp-976876	K2PtC2	M	2.1200	N	2.1446	0.0246	May production -> database run
mp-7801	Ca2Ge2N4	M	4.1050	N	4.0805	-0.0245	May production -> database run
mp-1683	Zr2Se6	M	1.5190	N	1.4945	-0.0245	May production -> database run
mp-559092	ScF3	R	11.8828	E	11.8583	-0.0245	rerun -> run with empty spheres
mp-23209	SrCl2	N	7.8167	E	7.8410	0.0243	database run -> run with empty spheres
mp-15685	Na4Cu2As2	M	1.3420	N	1.3179	-0.0241	May production -> database run
mp-1018630	CaBe2As2	M	1.4880	N	1.5118	0.0238	May production -> database run
mp-23759	Sr2H4	M	3.3380	N	3.3143	-0.0237	May production -> database run
mp-1595	Nb2O5	M	3.8810	E	3.8574	-0.0236	May production -> run with empty spheres
mp-31149	Ca3BiN	M	1.2950	N	1.3183	0.0233	May production -> database run
mp-1016197	Mg2Si2As4	M	1.8310	N	1.8543	0.0233	May production -> database run
mp-236	S4N4	M	5.4070	E	5.3838	-0.0232	May production -> run with empty spheres
mp-8280	BaMg2As2	M	2.0050	N	1.9820	-0.0230	May production -> database run
mp-5238	Ga2Cu2S4	M	1.9320	N	1.9549	0.0229	May production -> database run
mp-991652	VCu3Te4	M	1.1350	N	1.1121	-0.0229	May production -> database run
mp-6408	ZnCu2GeS4	M	1.4710	N	1.4938	0.0228	May production -> database run
mp-20526	Pb2S2	M	3.2380	E	3.2153	-0.0227	May production -> run with empty spheres
mp-557510	Cu3TeS3Cl	M	1.6490	N	1.6716	0.0226	May production -> database run
mp-9295	TaCu3Te4	M	1.8070	N	1.8296	0.0226	May production -> database run
mp-7938	K2Nb2S4	M	1.5170	N	1.5395	0.0225	May production -> database run
mp-23862	Ba2H2I2	M	4.6540	N	4.6318	-0.0222	May production -> database run
mp-569017	Pd2I4	N	1.8593	E	1.8372	-0.0221	database run -> run with empty spheres
mp-8399	CsCdF3	M	6.9830	N	7.0050	0.0220	May production -> database run
mp-10437	BaCu2Se2	M	1.3220	N	1.3440	0.0220	May production -> database run
mp-1175	Sr2S6	M	2.7380	N	2.7599	0.0219	May production -> database run
mp-224	W2S4	M	2.2190	N	2.1974	-0.0216	May production -> database run
mp-1080438	Sr2Ag2Te2F2	M	2.4640	N	2.4856	0.0216	May production -> database run
mp-1541909	Cs2Te2Au2	M	2.7220	N	2.7005	-0.0215	May production -> database run
mp-27484	Tl4O2	M	1.1570	N	1.1355	-0.0215	May production -> database run
mp-1062030	TiS2	M	2.3210	E	2.3424	0.0214	May production -> run with empty spheres
mp-20782	Li2In2Te4	M	2.4770	N	2.4982	0.0212	May production -> database run
mp-571100	Cs2Ag2Br4	R	3.9456	E	3.9245	-0.0211	rerun -> run with empty spheres
mp-1017565	In2Se3	M	0.9350	E	0.9560	0.0210	May production -> run with empty spheres
mp-9881	K2Au2Se2	M	3.3830	N	3.3621	-0.0209	May production -> database run
mp-27243	K2PtBr4	N	3.9519	E	3.9728	0.0209	database run -> run with empty spheres
mp-569157	Bi2I6	M	3.3330	E	3.3539	0.0209	May production -> run with empty spheres
mp-1069771	Rb2PdSe2	M	2.1880	N	2.2088	0.0208	May production -> database run
mp-23818	BaLiH3	M	4.3290	N	4.3083	-0.0207	May production -> database run
mp-504535	In2H2O4	M	3.8880	N	3.8673	-0.0207	May production -> database run
mp-9567	BaMg2Sb2	M	1.6720	E	1.6926	0.0206	May production -> run with empty spheres
mp-567279	Zn2Cl4	M	6.7990	N	6.7784	-0.0206	May production -> database run
mp-7684	Tl3AsSe3	M	1.3190	N	1.2985	-0.0205	May production -> database run
mp-546973	SrSnO3	M	3.0910	N	3.0706	-0.0204	May production -> database run
mp-1084770	K4Bi2Au2	M	1.7050	N	1.6846	-0.0204	May production -> database run
mp-7140	Si2C2	M	3.5280	N	3.5483	0.0203	May production -> database run
mp-9250	Rb2Li2Se2	M	4.1380	N	4.1177	-0.0203	May production -> database run
mp-31406	Bi2TeSe2	M	1.4030	E	1.4230	0.0200	May production -> run with empty spheres
mp-27397	Ir2Br6	M	3.0610	N	3.0810	0.0200	May production -> database run
mp-8289	Sn2F6	M	5.8800	E	5.8600	-0.0200	May production -> run with empty spheres
mp-7562	TaTl3S4	M	3.5380	N	3.5579	0.0199	May production -> database run
mp-856	Sn2O4	M	3.1520	N	3.1322	-0.0198	May production -> database run
mp-22255	Rb2In2Te4	M	2.2280	N	2.2083	-0.0197	May production -> database run
mp-27725	Au4I4	M	3.0740	N	3.0544	-0.0196	May production -> database run
mp-1079603	Ba2Cd2P2F2	M	2.2350	N	2.2154	-0.0196	May production -> database run
mp-1087540	CdCu2SiTe4	M	1.0780	N	1.0584	-0.0196	May production -> database run
mp-559521	InBi2S4Cl	M	2.2740	N	2.2545	-0.0195	May production -> database run
mp-8936	Sn2Se2	M	1.9520	E	1.9326	-0.0194	May production -> run with empty spheres
mp-5339	Cs2Na2Te2	M	3.5740	N	3.5932	0.0192	May production -> database run
mp-697096	Na2H4Pt	M	4.4270	N	4.4079	-0.0191	May production -> database run
mp-1079541	ZnCu2SnS4	M	1.1250	N	1.1060	-0.0190	May production -> database run
mp-1068813	K2Te2Pd	M	1.5890	E	1.6079	0.0189	May production -> run with empty spheres
mp-3813	Ba2ZrS4	M	1.8660	N	1.8471	-0.0189	May production -> database run
mp-1821	W2Se4	M	2.0420	N	2.0231	-0.0189	May production -> database run
mp-8703	Na3SbSe4	M	2.5380	N	2.5565	0.0185	May production -> database run
mp-30056	CsCaBr3	M	6.9790	N	6.9974	0.0184	May production -> database run
mp-29504	Cl4F4	R	5.9476	E	5.9294	-0.0182	rerun -> run with empty spheres
mp-13146	Ca3N2	M	2.4000	N	2.3818	-0.0182	May production -> database run
mp-13287	Ba2Cu2Te2F2	M	2.2050	N	2.1869	-0.0181	May production -> database run
mp-8781	Sn2S2	M	3.0300	E	3.0123	-0.0177	May production -> run with empty spheres
mp-1091416	Sr2Cu2Te2F2	M	2.6990	N	2.7166	0.0176	May production -> database run
mp-10694	ScF3	N	11.9374	E	11.9549	0.0175	database run -> run with empty spheres
mp-569790	BaAg2GeSe4	M	1.0500	N	1.0325	-0.0175	May production -> database run
mp-10164	Na2Ga2Te4	M	1.0990	N	1.0815	-0.0175	May production -> database run
mp-7639	Na4Cu2P2	M	1.3920	N	1.3745	-0.0175	May production -> database run
mp-8234	Ba2Te6	M	1.6520	N	1.6346	-0.0174	May production -> database run
mp-569595	Pb2I4	M	3.6450	E	3.6622	0.0172	May production -> run with empty spheres
mp-568968	K2SnHgSe4	M	2.6160	N	2.5991	-0.0169	May production -> database run
mp-1069819	SnN2F2	N	4.1233	E	4.1397	0.0164	database run -> run with empty spheres
mp-7067	CaCd2As2	M	0.9380	N	0.9543	0.0163	May production -> database run
mp-7502	K2Sn2O3	M	2.4710	N	2.4548	-0.0162	May production -> database run
mp-13312	Sc2Tl2S4	M	1.6090	N	1.5928	-0.0162	May production -> database run
mp-8751	Rb2Li2S2	M	4.6710	N	4.6550	-0.0160	May production -> database run
mp-3839	Ga2Cu2Te4	M	1.2190	N	1.2350	0.0160	May production -> database run
mp-1019888	KNa2BN2	M	3.8650	N	3.8491	-0.0159	May production -> database run
mp-1016200	Mg2Ge2As4	M	1.6280	N	1.6122	-0.0158	May production -> database run
mp-29771	Mg2C4	M	4.6630	N	4.6788	0.0158	May production -> database run
mp-30530	TlClO4	R	7.6323	E	7.6480	0.0157	rerun -> run with empty spheres
mp-1068941	K2PdS2	M	2.6210	N	2.6364	0.0154	May production -> database run
mp-22939	Bi2Cl2O2	M	3.7280	N	3.7434	0.0154	May production -> database run
mp-643033	KPH2SO3	M	7.1400	N	7.1553	0.0153	May production -> database run
mp-12779	Cd2Te2	N	1.7201	E	1.7354	0.0153	database run -> run with empty spheres
mp-27863	Al2Cl2O2	M	8.9350	N	8.9197	-0.0153	May production -> database run
mp-1079647	Ba2Ag2Se2F2	M	2.5730	N	2.5883	0.0153	May production -> database run
mp-2961	Mg2Si2P4	M	2.1280	N	2.1128	-0.0152	May production -> database run
mp-9731	Rb2Au2Se2	M	3.3270	N	3.3119	-0.0151	May production -> database run
mp-983565	Cu2B2Se4	M	2.2710	N	2.2861	0.0151	May production -> database run
mp-16764	Rb2Y2Te4	M	2.5810	N	2.5960	0.0150	May production -> database run
mp-5414	Na2Sb2S4	M	1.8070	N	1.7922	-0.0148	May production -> database run
mp-3136	NaNbO3	M	2.8360	N	2.8212	-0.0148	May production -> database run
mp-16236	K2Ag2Se2	M	1.6540	N	1.6687	0.0147	May production -> database run
mp-16364	SnTe	N	0.3054	E	0.3201	0.0147	database run -> run with empty spheres
mp-29208	CaMg2Bi2	M	1.2880	E	1.2735	-0.0145	May production -> run with empty spheres
mp-1080691	Rb2SnHgTe4	M	1.5670	N	1.5814	0.0144	May production -> database run
mp-9566	SrMg2Sb2	M	1.7730	E	1.7873	0.0143	May production -> run with empty spheres
mp-1201	Sb2Te3	M	0.5020	N	0.4878	-0.0142	May production -> database run
mp-11342	Ga2Se2	M	2.5830	E	2.5972	0.0142	May production -> run with empty spheres
mp-1069695	SrMg2Bi2	M	1.3400	E	1.3260	-0.0140	May production -> run with empty spheres
mp-1077383	Cs2Au2S2	M	3.5090	N	3.4950	-0.0140	May production -> database run
mp-1077107	Hg3O3	M	2.5990	N	2.5853	-0.0137	May production -> database run
mp-4840	Ga2Cu2Se4	M	1.2310	N	1.2173	-0.0137	May production -> database run
mp-8231	Zr2S2O2	M	1.7370	N	1.7234	-0.0136	May production -> database run
mp-9490	KAg2SbS4	M	1.8220	N	1.8084	-0.0136	May production -> database run
mp-1068011	SrAlH3	M	1.1970	N	1.2106	0.0136	May production -> database run
mp-569114	BaAg2SnSe4	M	1.0030	N	1.0165	0.0135	May production -> database run
mp-22386	In2Ag2Te4	M	0.9640	N	0.9775	0.0135	May production -> database run
mp-13277	Ba2Li2P2	M	1.8900	N	1.9034	0.0134	May production -> database run
mp-24809	Ca2H4	M	2.7650	N	2.7783	0.0133	May production -> database run
mp-5038	Cs2Ga2S4	M	4.9770	E	4.9637	-0.0133	May production -> run with empty spheres
mp-7392	Na4Ag2Sb2	M	1.2230	N	1.2362	0.0132	May production -> database run
mp-3642	Sc2Cu2O4	M	4.1690	N	4.1558	-0.0132	May production -> database run
mp-569766	Te4I4	N	1.5402	E	1.5272	-0.0130	database run -> run with empty spheres
mp-27849	Ti2Br2N2	M	1.7910	N	1.7780	-0.0130	May production -> database run
mp-7937	Na2Nb2S4	M	1.3710	N	1.3839	0.0129	May production -> database run
mp-20790	InPS4	M	3.8500	N	3.8629	0.0129	May production -> database run
mp-7939	Na2Nb2Se4	M	1.2100	N	1.2228	0.0128	May production -> database run
mp-7956	Na6Sb2	M	1.3960	N	1.4088	0.0128	May production -> database run
mp-8426	K2Se	N	4.1130	E	4.1003	-0.0127	database run -> run with empty spheres
mp-11327	Rb2Se	N	3.6991	E	3.6864	-0.0127	database run -> run with empty spheres
mp-4730	Ga2HgSe4	M	1.9650	N	1.9523	-0.0127	May production -> database run
mp-22894	Ag2I2	N	3.0269	E	3.0395	0.0126	database run -> run with empty spheres
mp-541937	ZnIn2S4	M	1.1470	N	1.1596	0.0126	May production -> database run
mp-9872	K4BeP2	R	2.2523	E	2.2398	-0.0125	rerun -> run with empty spheres
mp-35925	NiO2	N	3.8166	E	3.8291	0.0125	database run -> run with empty spheres
mp-7421	K2Zn2As2	M	1.5360	N	1.5484	0.0124	May production -> database run
mp-34202	Bi2Te3	M	0.8680	N	0.8803	0.0123	May production -> database run
mp-8623	K2Te2Pt	M	1.8550	N	1.8427	-0.0123	May production -> database run
mp-557179	Na2Sb2S4	M	1.4390	N	1.4267	-0.0123	May production -> database run
mp-1018275	Ga2P2	M	1.4170	N	1.4048	-0.0122	May production -> database run
mp-2507	Ga4S4	M	3.0850	N	3.0728	-0.0122	May production -> database run
mp-10165	K2Al2Te4	M	2.9150	N	2.9272	0.0122	May production -> database run
mp-2815	Mo2S4	M	2.1890	N	2.1769	-0.0121	May production -> database run
mp-14092	Al2Ag2Te4	M	2.2150	N	2.2271	0.0121	May production -> database run
mp-567558	Cs2Ag2Cl4	M	4.6630	E	4.6509	-0.0121	May production -> run with empty spheres
mp-642725	Ca2H2Cl2O2	M	8.2700	N	8.2580	-0.0120	May production -> database run
mp-726184	Pb2S2	M	3.7370	E	3.7250	-0.0120	May production -> run with empty spheres
mp-727322	Sn2S2	M	2.6910	E	2.6790	-0.0120	May production -> run with empty spheres
mp-571458	RbGeI3	M	1.1120	N	1.1000	-0.0120	May production -> database run
mp-9514	MgAl2C2	M	2.5730	N	2.5849	0.0119	May production -> database run
mp-760	Fe2Se4	M	0.6790	N	0.6672	-0.0118	May production -> database run
mp-3524	Li2P2N4	M	5.5140	N	5.5258	0.0118	May production -> database run
mp-9517	Sr2Ti2N4	M	2.0450	N	2.0567	0.0117	May production -> database run
mp-13276	Sr2Li2P2	M	2.3500	N	2.3617	0.0117	May production -> database run
mp-22304	CdIn2Se4	M	2.0200	N	2.0317	0.0117	May production -> database run
mp-1069538	CsPbI3	M	2.2870	E	2.2986	0.0116	May production -> run with empty spheres
mp-3668	Cd2Ge2P4	M	1.5720	N	1.5604	-0.0116	May production -> database run
mp-568032	CdIn2Se4	M	1.9670	N	1.9555	-0.0115	May production -> database run
mp-569940	K6Bi2	M	0.7840	N	0.7953	0.0113	May production -> database run
mp-5795	CaMg2N2	M	3.5930	N	3.6043	0.0113	May production -> database run
mp-27214	CsSnBr3	M	1.4730	N	1.4843	0.0113	May production -> database run
mp-1079320	Ba2Zn2As2F2	M	1.3360	N	1.3473	0.0113	May production -> database run
mp-28994	K2Li4As2	M	1.8130	N	1.8242	0.0112	May production -> database run
mp-1077811	Cu2Ag2S2	M	1.3780	N	1.3668	-0.0112	May production -> database run
mp-7897	K6P2	M	1.1440	N	1.1328	-0.0112	May production -> database run
mp-4524	Zn2Ge2P4	M	1.9630	N	1.9519	-0.0111	May production -> database run
mp-1078500	Pb4S4	M	1.7180	N	1.7069	-0.0111	May production -> database run
mp-28099	S4Br4	M	4.0970	E	4.1081	0.0111	May production -> run with empty spheres
mp-7223	Ca3AsN	M	1.8090	N	1.7980	-0.0110	May production -> database run
mp-29585	K4CdAs2	N	1.6175	E	1.6065	-0.0110	database run -> run with empty spheres
mp-9564	CaMg2As2	M	2.2510	N	2.2401	-0.0109	May production -> database run
mp-6973	Cs2Na2S2	M	4.3200	N	4.3092	-0.0108	May production -> database run
mp-8658	Cs2Na2Se2	M	3.8510	N	3.8618	0.0108	May production -> database run
mp-1095151	Ba2Cd2As2F2	M	1.9500	N	1.9608	0.0108	May production -> database run
mp-29666	Bi2Te2Se	M	0.7860	N	0.7752	-0.0108	May production -> database run
mp-2150	Ba2Te4	M	1.4800	N	1.4693	-0.0107	May production -> database run
mp-1880	Sb2F6	R	7.3059	E	7.2952	-0.0107	rerun -> run with empty spheres
mp-10074	Ge2Se4	M	2.8750	N	2.8644	-0.0106	May production -> database run
mp-5962	Na2Mg2As2	M	2.1920	N	2.2025	0.0105	May production -> database run
mp-30315	Ca3BN3	M	1.4120	N	1.4015	-0.0105	May production -> database run
mp-27420	NaBiF6	R	7.2412	N	7.2514	0.0102	rerun -> database run
mp-696804	Rb2H2S2	M	5.6100	N	5.6202	0.0102	May production -> database run
mp-9008	Rb2Te2Au2	M	1.9470	N	1.9571	0.0101	May production -> database run
mp-4342	KNbO3	M	2.8840	N	2.8740	-0.0100	May production -> database run
mp-9562	Li2Be2As2	M	1.7700	N	1.7799	0.0099	May production -> database run
mp-8753	K4HgP2	N	1.9320	E	1.9221	-0.0099	database run -> run with empty spheres
mp-1079885	Li2Sb2S4	M	0.7770	N	0.7869	0.0099	May production -> database run
mp-22934	K2PtCl4	R	4.6191	E	4.6290	0.0099	rerun -> run with empty spheres
mp-4366	Na2PtC2	M	1.3670	N	1.3572	-0.0098	May production -> database run
mp-7548	Ba2Se6	M	2.2490	N	2.2588	0.0098	May production -> database run
mp-27455	Y2Cl6	R	7.8789	E	7.8691	-0.0098	rerun -> run with empty spheres
mp-570008	Sr3BiN	M	1.0140	N	1.0237	0.0097	May production -> database run
mp-358	Hg3Te3	M	1.1170	N	1.1073	-0.0097	May production -> database run
mp-21855	VCu3Se4	M	1.6570	N	1.6473	-0.0097	May production -> database run
mp-5928	Al2CdS4	M	4.4680	N	4.4583	-0.0097	May production -> database run
mp-1018721	Hf2O4	M	6.8650	N	6.8555	-0.0095	May production -> database run
mp-1634	Mo2Se4	M	1.7480	N	1.7385	-0.0095	May production -> database run
mp-7394	BaAg2GeS4	M	1.7300	N	1.7395	0.0095	May production -> database run
mp-8311	Si3NiP4	M	0.7080	N	0.7175	0.0095	May production -> database run
mp-9384	CsAu3S2	M	3.4410	N	3.4315	-0.0095	May production -> database run
mp-22253	ZnIn2S4	M	1.1400	N	1.1306	-0.0094	May production -> database run
mp-10281	Zn4S4	M	3.6840	N	3.6934	0.0094	May production -> database run
mp-571195	Zn3Te3	M	2.1750	N	2.1843	0.0093	May production -> database run
mp-380	Zn2Se2	M	2.7710	N	2.7801	0.0091	May production -> database run
mp-5811	CsPbF3	M	5.0770	N	5.0861	0.0091	May production -> database run
mp-567503	Pb2I4	M	3.5820	E	3.5729	-0.0091	May production -> run with empty spheres
mp-9573	Na2Be2As2	M	2.2880	N	2.2970	0.0090	May production -> database run
mp-1018807	Mo2Se4	M	1.9650	N	1.9560	-0.0090	May production -> database run
mp-22849	Bi2I6	M	3.4900	E	3.4990	0.0090	May production -> run with empty spheres
mp-4666	Cd2Si2P4	M	1.9820	N	1.9909	0.0089	May production -> database run
mp-568544	CsCdCl3	M	4.2120	N	4.2031	-0.0089	May production -> database run
mp-27947	SnSb2Te4	M	0.5190	N	0.5102	-0.0088	May production -> database run
mp-2072	K4Te4	M	2.2810	E	2.2898	0.0088	May production -> run with empty spheres
mp-21228	Sr2Cu2Se2F2	M	2.5820	N	2.5906	0.0086	May production -> database run
mp-27948	GeBi2Te4	M	1.0530	N	1.0615	0.0085	May production -> database run
mp-29209	BaMg2Bi2	M	1.2520	E	1.2435	-0.0085	May production -> run with empty spheres
mp-8276	SrZn2P2	M	1.5580	N	1.5665	0.0085	May production -> database run
mp-4824	Na2Zn2P2	M	1.9740	N	1.9655	-0.0085	May production -> database run
mp-602	Te4Mo2	M	1.4310	N	1.4225	-0.0085	May production -> database run
mp-15777	ZnGa2Te4	M	1.9430	N	1.9345	-0.0085	May production -> database run
mp-15622	Hf2Se6	M	1.3770	N	1.3686	-0.0084	May production -> database run
mp-10955	SnHg2Se4	M	0.9970	N	1.0053	0.0083	May production -> database run
mp-8279	BaCd2P2	M	1.3070	N	1.3153	0.0083	May production -> database run
mp-1079426	Tl2SiHgSe4	M	1.7460	N	1.7378	-0.0082	May production -> database run
mp-1018891	Pd2Cl4	M	2.4160	N	2.4241	0.0081	May production -> database run
mp-4452	CdGa2S4	M	3.5680	N	3.5599	-0.0081	May production -> database run
mp-9899	Ba2Ag2P2	M	0.8040	N	0.8121	0.0081	May production -> database run
mp-1018737	K2Mg2P2	M	2.8510	N	2.8429	-0.0081	May production -> database run
mp-1018888	Pd2Cl4	M	3.6040	N	3.5960	-0.0080	May production -> database run
mp-23154	Br4	N	3.5114	E	3.5035	-0.0079	database run -> run with empty spheres
mp-8622	Rb2PtSe2	M	2.4050	N	2.4129	0.0079	May production -> database run
mp-568301	Bi2Br6	M	4.2080	E	4.2001	-0.0079	May production -> run with empty spheres
mp-1079889	ZnAg2SnS4	M	1.2990	N	1.3069	0.0079	May production -> database run
mp-24423	Sr2H2Br2	M	5.8520	N	5.8599	0.0079	May production -> database run
mp-7437	K2Zn2P2	M	1.9750	N	1.9828	0.0078	May production -> database run
mp-30031	CaI2	N	6.0842	E	6.0920	0.0078	database run -> run with empty spheres
mp-24424	Ba2H2Br2	M	5.3560	N	5.3482	-0.0078	May production -> database run
mp-1022	K2S	N	4.3460	E	4.3537	0.0077	database run -> run with empty spheres
mp-1019105	K2Mg2Bi2	M	1.2900	N	1.2824	-0.0076	May production -> database run
mp-1018736	K2Cd2As2	M	0.8980	N	0.9055	0.0075	May production -> database run
mp-27294	Ca3AsBr3	M	3.5460	N	3.5385	-0.0075	May production -> database run
mp-13097	Na2Zn2As2	M	1.3760	N	1.3686	-0.0074	May production -> database run
mp-1018722	Hg3Se3	M	1.8080	N	1.8009	-0.0071	May production -> database run
mp-580941	Ag4I4	M	3.0910	E	3.0981	0.0071	May production -> run with empty spheres
mp-555166	BaAg2SnS4	M	1.6260	N	1.6327	0.0067	May production -> database run
mp-1572	Ga4Se4	M	2.3100	E	2.3167	0.0067	May production -> run with empty spheres
mp-3486	K2Sn2Sb2	M	0.8510	N	0.8576	0.0066	May production -> database run
mp-2488	Si4Os4	M	0.8210	N	0.8276	0.0066	May production -> database run
mp-1079574	Te4Pb4	M	1.2440	N	1.2506	0.0066	May production -> database run
mp-7438	K2Zn2Sb2	M	1.6660	N	1.6725	0.0065	May production -> database run
mp-29584	K4BeAs2	N	1.9917	E	1.9982	0.0065	database run -> run with empty spheres
mp-8281	BaCd2As2	M	0.8490	N	0.8427	-0.0063	May production -> database run
mp-541226	CsBrF6	R	7.1928	N	7.1991	0.0063	rerun -> database run
mp-567259	CdI2	N	3.9698	E	3.9636	-0.0062	database run -> run with empty spheres
mp-12444	Sr2Cu2S2F2	M	3.0380	N	3.0319	-0.0061	May production -> database run
mp-1101093	CsZn4P3	M	1.1030	N	1.1090	0.0060	May production -> database run
mp-22883	PbI2	N	3.5452	E	3.5392	-0.0060	database run -> run with empty spheres
mp-27910	Bi2Te2S	M	0.8190	N	0.8249	0.0059	May production -> database run
mp-29196	AuCN	N	3.8180	E	3.8122	-0.0058	database run -> run with empty spheres
mp-7936	Li2Nb2S4	M	1.4020	N	1.3962	-0.0058	May production -> database run
mp-28944	Bi2Te2Cl2	M	2.2770	N	2.2713	-0.0057	May production -> database run
mp-7089	K2Mg2Sb2	M	2.3430	N	2.3487	0.0057	May production -> database run
mp-5621	NbCu3S4	M	2.6840	N	2.6897	0.0057	May production -> database run
mp-13548	Cs4Pt2	M	3.1030	N	3.1087	0.0057	May production -> database run
mp-1079172	Pb4Se4	M	1.7500	N	1.7444	-0.0056	May production -> database run
mp-23202	In2I2	N	2.1430	E	2.1374	-0.0056	database run -> run with empty spheres
mp-1072589	Cu2GeS3	M	0.4770	N	0.4825	0.0055	May production -> database run
mp-757	Li6As2	M	1.7190	N	1.7136	-0.0054	May production -> database run
mp-20928	Sb4Ru2	M	0.2510	N	0.2456	-0.0054	May production -> database run
mp-27934	Cd2Br4	M	4.9570	N	4.9517	-0.0053	May production -> database run
mp-23297	Br2F6	N	5.9014	E	5.9067	0.0053	database run -> run with empty spheres
mp-29055	K2Sb4	M	0.7210	N	0.7263	0.0053	May production -> database run
mp-9122	Ca2P6	M	0.4370	N	0.4318	-0.0052	May production -> database run
mp-1025299	Tl2CdTe4	M	0.5260	N	0.5209	-0.0051	May production -> database run
mp-1179094	Sr2H4	M	3.2840	N	3.2890	0.0050	May production -> database run
mp-28266	P4Pd2	M	0.7590	N	0.7540	-0.0050	May production -> database run
mp-581024	CsK2Sb	M	2.0230	N	2.0280	0.0050	May production -> database run
mp-27419	LiBiF6	R	6.7314	N	6.7264	-0.0050	rerun -> database run
mp-1078562	Sr2Ag2S2F2	M	2.6480	N	2.6530	0.0050	May production -> database run
mp-546011	Y2Zn2As2O2	M	1.9620	N	1.9570	-0.0050	May production -> database run
mp-8612	Sb2TeSe2	M	0.7330	N	0.7281	-0.0049	May production -> database run
mp-557373	Cu2WS4	M	2.7030	N	2.6981	-0.0049	May production -> database run
mp-24422	Ca2H2Br2	M	6.6320	N	6.6271	-0.0049	May production -> database run
mp-9984	Sn2S4	M	2.6490	N	2.6442	-0.0048	May production -> database run
mp-13949	CdGa2Te4	M	1.9990	N	2.0038	0.0048	May production -> database run
mp-553243	YBi2BrO4	M	2.5300	N	2.5252	-0.0048	May production -> database run
mp-22870	In2Br2	N	1.9901	E	1.9854	-0.0047	database run -> run with empty spheres
mp-1070356	Rb2Te2Pd	M	1.4080	N	1.4126	0.0046	May production -> database run
mp-568662	BaCl2	N	8.0029	E	7.9983	-0.0046	database run -> run with empty spheres
mp-7430	CaCd2Sb2	M	0.8010	N	0.8056	0.0046	May production -> database run
mp-9571	CaZn2As2	M	1.3960	N	1.3914	-0.0046	May production -> database run
mp-1950	Sr2S4	M	3.0010	N	2.9964	-0.0046	May production -> database run
mp-15684	K4Cu2As2	M	2.0640	N	2.0594	-0.0046	May production -> database run
mp-551798	AlPO4	R	1.3393	E	1.3438	0.0045	rerun -> run with empty spheres
mp-23267	Be2Cl4	M	9.4310	N	9.4265	-0.0045	May production -> database run
mp-1492	Cd3Te3	M	0.7280	N	0.7236	-0.0044	May production -> database run
mp-22691	In2Se2	M	1.2800	N	1.2757	-0.0043	May production -> database run
mp-11719	K4ZnP2	N	2.0067	E	2.0024	-0.0043	database run -> run with empty spheres
mp-29873	Rb2CdCl4	N	5.8757	E	5.8714	-0.0043	database run -> run with empty spheres
mp-1017567	Hf2SN2	M	2.0790	N	2.0748	-0.0042	May production -> database run
mp-1078693	Ba2Cd2Sb2F2	M	1.1760	N	1.1718	-0.0042	May production -> database run
mp-23116	Cu2Bi2Se2O2	M	0.8520	N	0.8478	-0.0042	May production -> database run
mp-22483	Na2In2Te4	M	1.5430	N	1.5388	-0.0042	May production -> database run
mp-7774	Na4Sb2Au2	M	0.7740	N	0.7698	-0.0042	May production -> database run
mp-1836	Tl4Se4	M	0.8400	N	0.8358	-0.0042	May production -> database run
mp-570213	LiMgBi	N	1.3882	E	1.3923	0.0041	database run -> run with empty spheres
mp-8579	BaAg2S2	M	1.9760	N	1.9719	-0.0041	May production -> database run
mp-10748	TaCu3S4	M	3.0670	N	3.0711	0.0041	May production -> database run
mp-13650	Ca2GeO4	M	5.3230	N	5.3190	-0.0040	May production -> database run
mp-19851	K2In2Te4	M	2.0330	N	2.0290	-0.0040	May production -> database run
mp-1018651	Ba2H3I	M	4.1080	N	4.1040	-0.0040	May production -> database run
mp-322	Tl4S4	M	1.4300	N	1.4261	-0.0039	May production -> database run
mp-569960	ZnBr2	N	5.5449	E	5.5488	0.0039	database run -> run with empty spheres
mp-1077814	Cs4S2	M	3.7830	N	3.7791	-0.0039	May production -> database run
mp-1591	Al4C3	M	2.2400	N	2.2439	0.0039	May production -> database run
mp-766	As4Ru2	M	0.7570	N	0.7532	-0.0038	May production -> database run
mp-1522	Fe2S4	M	1.2940	N	1.2902	-0.0038	May production -> database run
mp-9244	Li2B2C2	M	1.9800	N	1.9838	0.0038	May production -> database run
mp-864954	Mg2Mo2N4	M	1.5780	N	1.5817	0.0037	May production -> database run
mp-3525	Sb2Te2Se	M	0.3550	N	0.3513	-0.0037	May production -> database run
mp-189	Si4Ru4	M	0.4080	N	0.4043	-0.0037	May production -> database run
mp-554134	Sn2S2	R	3.9974	E	3.9937	-0.0037	rerun -> run with empty spheres
mp-3481	K2Sn2As2	M	1.0210	N	1.0173	-0.0037	May production -> database run
mp-29754	Sr2Li2N2	M	1.1680	N	1.1716	0.0036	May production -> database run
mp-20187	Li2In2Se4	M	2.9500	N	2.9464	-0.0036	May production -> database run
mp-9579	Al2Tl2Se4	M	1.4040	N	1.4004	-0.0036	May production -> database run
mp-600089	CsPbBr3	M	3.1030	N	3.1066	0.0036	May production -> database run
mp-4495	K2Li2Te2	M	4.0200	N	4.0235	0.0035	May production -> database run
mp-14017	K6Sb2	M	1.2960	N	1.2995	0.0035	May production -> database run
mp-8278	BaMg2P2	M	2.0950	N	2.0985	0.0035	May production -> database run
mp-27801	Tl2Ag2I4	M	2.7360	N	2.7395	0.0035	May production -> database run
mp-706	Hg2F2	R	2.8914	E	2.8880	-0.0034	rerun -> run with empty spheres
mp-5213	Cd2Sn2P4	M	1.0030	N	1.0064	0.0034	May production -> database run
mp-1078644	Sn4O4	M	2.2330	N	2.2297	-0.0033	May production -> database run
mp-20027	Fe2P4	M	0.6360	N	0.6327	-0.0033	May production -> database run
mp-29403	GaCuI4	M	3.5060	N	3.5092	0.0032	May production -> database run
mp-2646	Mg3Sb2	M	0.8550	N	0.8582	0.0032	May production -> database run
mp-571461	K4ZnAs2	R	1.7810	E	1.7778	-0.0032	rerun -> run with empty spheres
mp-7434	Na2Cu2Te2	M	1.7520	N	1.7489	-0.0031	May production -> database run
mp-8277	SrCd2P2	M	1.4020	N	1.3989	-0.0031	May production -> database run
mp-20042	Tl2In2S4	M	1.1670	N	1.1701	0.0031	May production -> database run
mp-571442	Y2I6	R	4.8368	E	4.8337	-0.0031	rerun -> run with empty spheres
mp-4763	Zn2Si2P4	M	1.9810	N	1.9841	0.0031	May production -> database run
mp-9252	Hg3S3	M	2.8030	N	2.8000	-0.0030	May production -> database run
mp-568388	Bi4I4	R	1.4414	E	1.4444	0.0030	rerun -> run with empty spheres
mp-22858	Tl2I2	N	3.1920	E	3.1891	-0.0029	database run -> run with empty spheres
mp-471	Cd2As4	M	0.7680	N	0.7709	0.0029	May production -> database run
mp-1080459	Ge4Te4	M	0.7280	N	0.7251	-0.0029	May production -> database run
mp-9915	Li2Be2P2	M	2.0040	N	2.0069	0.0029	May production -> database run
mp-568264	Si2Se4	M	3.6920	N	3.6949	0.0029	May production -> database run
mp-7906	Al2HgS4	M	3.4860	N	3.4889	0.0029	May production -> database run
mp-22893	PbI2	N	3.4762	E	3.4790	0.0028	database run -> run with empty spheres
mp-1072399	Be5Pt	M	0.3550	N	0.3578	0.0028	May production -> database run
mp-4823	Na2PdC2	M	2.1150	N	2.1178	0.0028	May production -> database run
mp-7922	CaPdF6	R	6.3141	N	6.3113	-0.0028	rerun -> database run
mp-16337	Ga2HgTe4	M	1.4570	N	1.4543	-0.0027	May production -> database run
mp-7771	SrCd2As2	M	0.8750	N	0.8723	-0.0027	May production -> database run
mp-23949	RbCaH3	M	6.2430	N	6.2403	-0.0027	May production -> database run
mp-9254	Al2Te5	M	1.7420	N	1.7447	0.0027	May production -> database run
mp-1078724	Li2As2Se4	M	1.4090	N	1.4063	-0.0027	May production -> database run
mp-3038	Al2HgSe4	M	2.6710	N	2.6736	0.0026	May production -> database run
mp-7955	Li6Sb2	M	1.4490	N	1.4465	-0.0025	May production -> database run
mp-19880	Fe2Te4	M	0.3870	N	0.3894	0.0024	May production -> database run
mp-2455	As4Os2	M	1.0020	N	0.9996	-0.0024	May production -> database run
mp-630528	In4S4	M	0.8650	N	0.8626	-0.0024	May production -> database run
mp-9574	Na2Be2Sb2	M	1.7530	N	1.7553	0.0023	May production -> database run
mp-2242	Ge4S4	M	1.7000	N	1.6977	-0.0023	May production -> database run
mp-7650	Rb2Sc2O4	N	6.0557	N	6.0580	0.0023	the same set, run again
mp-1379	Sn2S2	N	1.9111	E	1.9090	-0.0021	database run -> run with empty spheres
mp-12433	Na2Sn2N2	M	1.8140	N	1.8119	-0.0021	May production -> database run
mp-546118	NaClO4	R	7.8981	E	7.9002	0.0021	rerun -> run with empty spheres
mp-568949	Tl2Br2	N	3.4418	E	3.4437	0.0019	database run -> run with empty spheres
mp-9570	CaCd2P2	M	1.5040	N	1.5059	0.0019	May production -> database run
mp-991676	NbCu3Te4	M	1.5750	N	1.5731	-0.0019	May production -> database run
mp-9200	K3AuO	M	2.1670	N	2.1688	0.0018	May production -> database run
mp-7921	MgPdF6	R	5.9120	N	5.9138	0.0018	rerun -> database run
mp-7472	Rb2Au2O4	R	4.0764	E	4.0782	0.0018	rerun -> run with empty spheres
mp-14018	K6As2	M	0.9970	N	0.9952	-0.0018	May production -> database run
mp-22232	Tl2In2Se4	M	1.4440	N	1.4422	-0.0018	May production -> database run
mp-23153	I4	N	2.1586	E	2.1569	-0.0017	database run -> run with empty spheres
mp-7909	Al2CdTe4	M	2.7140	N	2.7123	-0.0017	May production -> database run
mp-19795	In4S4	M	2.1970	N	2.1953	-0.0017	May production -> database run
mp-1017548	CaBe2P2	M	1.6630	N	1.6646	0.0016	May production -> database run
mp-7752	Sr3SbN	M	1.0640	N	1.0656	0.0016	May production -> database run
mp-1078709	Na4Bi2Au2	M	0.7180	N	0.7196	0.0016	May production -> database run
mp-1079080	CsCd4As3	M	0.7980	E	0.7996	0.0016	May production -> run with empty spheres
mp-567677	GeI2	N	3.0924	E	3.0939	0.0015	database run -> run with empty spheres
mp-570223	CsGeBr3	M	1.4450	N	1.4435	-0.0015	May production -> database run
mp-1017628	MgBe2P2	M	1.7360	N	1.7375	0.0015	May production -> database run
mp-7770	SrZn2As2	M	1.2430	N	1.2415	-0.0015	May production -> database run
mp-29529	Na2Sn2P2	M	1.2510	N	1.2495	-0.0015	May production -> database run
mp-9919	Li2Zn2Sb2	M	1.0280	N	1.0294	0.0014	May production -> database run
mp-700	Ge4Se4	M	1.3950	N	1.3936	-0.0014	May production -> database run
mp-9580	Tl2Ga2Se4	M	1.3560	N	1.3574	0.0014	May production -> database run
mp-8830	NaRhO2	R	3.3216	N	3.3229	0.0013	rerun -> database run
mp-13907	CdSnF6	R	8.2159	N	8.2171	0.0012	rerun -> database run
mp-2231	Sn4S4	M	1.4290	N	1.4278	-0.0012	May production -> database run
mp-863260	SrMg2As2	M	2.2290	N	2.2302	0.0012	May production -> database run
mp-8455	CsF	R	9.6365	N	9.6353	-0.0012	rerun -> database run
mp-1019089	K2Mg2As2	M	2.3430	N	2.3419	-0.0011	May production -> database run
mp-10910	Al4Ru2	M	0.4620	N	0.4631	0.0011	May production -> database run
mp-1025397	Ge4Ru4	M	0.2650	N	0.2639	-0.0011	May production -> database run
mp-1071820	Si2O4	R	8.1104	N	8.1115	0.0011	rerun -> database run
mp-15157	Cs2CaF4	R	9.9900	N	9.9911	0.0011	rerun -> database run
mp-468	Al2F6	R	13.1977	N	13.1966	-0.0011	rerun -> database run
mp-6949	In2F6	R	8.1379	N	8.1390	0.0011	rerun -> database run
mp-1070099	CaGa2As2	M	0.3750	N	0.3740	-0.0010	May production -> database run
mp-1069706	K2PdSe2	M	2.0480	N	2.0470	-0.0010	May production -> database run
mp-10322	Ba2Hf2N4	M	2.5920	N	2.5910	-0.0010	May production -> database run
mp-722181	K2Li2S2	M	4.8130	N	4.8139	0.0009	May production -> database run
mp-1077098	Hg6	M	1.7940	N	1.7949	0.0009	May production -> database run
mp-551758	AgClO4	R	5.5767	E	5.5758	-0.0009	rerun -> run with empty spheres
mp-865185	MgBe2As2	M	1.3760	N	1.3768	0.0008	May production -> database run
mp-1136	Na6As2	M	1.1340	N	1.1348	0.0008	May production -> database run
mp-1080679	LiTaF6	R	10.9718	N	10.9726	0.0008	rerun -> database run
mp-13610	ZnPbF6	R	5.7015	N	5.7023	0.0008	rerun -> database run
mp-8963	Cs2HgF4	R	5.1091	N	5.1098	0.0007	rerun -> database run
mp-2437	Ir2F6	R	4.3715	N	4.3722	0.0007	rerun -> database run
mp-29151	Li5NCl2	R	4.0796	N	4.0789	-0.0007	rerun -> database run
mp-736	Li6P2	M	1.8220	N	1.8213	-0.0007	May production -> database run
mp-3980	LiSbF6	R	10.1612	N	10.1619	0.0007	rerun -> database run
mp-1077901	InCo3SnS2	R	0.2728	N	0.2735	0.0007	rerun -> database run
mp-871	Fe4Si4	M	0.2820	N	0.2813	-0.0007	May production -> database run
mp-3448	KMgF3	R	12.0046	N	12.0040	-0.0006	rerun -> database run
mp-7983	Mg2SiO4	R	6.3499	N	6.3505	0.0006	rerun -> database run
mp-623024	TiCdF6	R	8.8264	N	8.8270	0.0006	rerun -> database run
mp-1019322	Te4W2	M	1.6790	N	1.6784	-0.0006	May production -> database run
mp-9569	CaZn2P2	M	1.6930	N	1.6936	0.0006	May production -> database run
mp-2319	P4Os2	M	1.0920	N	1.0926	0.0006	May production -> database run
mp-685145	BN	N	5.9555	E	5.9549	-0.0006	database run -> run with empty spheres
mp-1079483	LiAuF6	R	6.0500	N	6.0494	-0.0006	rerun -> database run
mp-9583	K2ZnF4	R	8.8624	N	8.8629	0.0005	rerun -> database run
mp-19734	MgPbF6	R	7.3108	N	7.3103	-0.0005	rerun -> database run
mp-22660	InAgO2	R	1.9751	N	1.9746	-0.0005	rerun -> database run
mp-570875	Ga4Os2	M	1.0610	N	1.0615	0.0005	May production -> database run
mp-1071319	Zn3Te3	M	1.1040	N	1.1035	-0.0005	May production -> database run
mp-551470	Tl4O2	M	1.1350	N	1.1345	-0.0005	May production -> database run
mp-22901	KI	R	5.4337	N	5.4342	0.0005	rerun -> database run
mp-8196	AgNO3	R	5.0559	N	5.0564	0.0005	rerun -> database run
mp-4950	KCaF3	R	10.4145	N	10.4150	0.0005	rerun -> database run
mp-588	Ga2F6	R	9.7742	N	9.7747	0.0005	rerun -> database run
mp-1873	Zn2F4	R	8.0522	N	8.0526	0.0004	rerun -> database run
mp-569246	Tl2HgGeTe4	M	0.5730	N	0.5734	0.0004	May production -> database run
mp-1072429	Ga4Ru2	M	0.4430	N	0.4434	0.0004	May production -> database run
mp-1415	CaSe	R	3.8481	N	3.8477	-0.0004	rerun -> database run
mp-23251	KBr	R	7.2775	N	7.2771	-0.0004	rerun -> database run
mp-1958	SrTe	R	2.9899	N	2.9903	0.0004	rerun -> database run
mp-34857	KNO2	R	7.1705	N	7.1709	0.0004	rerun -> database run
mp-9166	MgCN2	R	6.2843	N	6.2847	0.0004	rerun -> database run
mp-1080045	Sr2H2Br2O2	R	6.9773	N	6.9777	0.0004	rerun -> database run
mp-568890	Tl2CdGeTe4	M	0.9340	N	0.9344	0.0004	May production -> database run
mp-13983	ZnPdF6	R	5.1026	N	5.1030	0.0004	rerun -> database run
mp-8291	BaTiF6	R	8.7283	N	8.7287	0.0004	rerun -> database run
mp-7569	KAsF6	R	10.5437	N	10.5440	0.0003	rerun -> database run
mp-1342	BaO	R	4.1883	N	4.1880	-0.0003	rerun -> database run
mp-570891	KBr	R	6.5172	N	6.5175	0.0003	rerun -> database run
mp-3915	BaHgO2	R	4.6233	N	4.6230	-0.0003	rerun -> database run
mp-10226	NaYS2	R	3.8705	N	3.8708	0.0003	rerun -> database run
mp-23056	Sr2BrN	R	3.2810	N	3.2807	-0.0003	rerun -> database run
mp-9610	Li2CN2	N	5.7611	E	5.7608	-0.0003	database run -> run with empty spheres
mp-29738	TlClO3	R	6.8179	N	6.8182	0.0003	rerun -> database run
mp-27743	BiF5	R	5.5465	N	5.5468	0.0003	rerun -> database run
mp-1071032	Ge2S4	M	2.8170	N	2.8167	-0.0003	May production -> database run
mp-8335	Ba2ZrO4	R	5.3959	N	5.3962	0.0003	rerun -> database run
mp-1077904	CdPb2Cl2O2	R	3.9547	N	3.9550	0.0003	rerun -> database run
mp-697133	Cs2CaH4	R	5.6446	N	5.6449	0.0003	rerun -> database run
mp-510557	Cs2N6	R	6.6484	N	6.6487	0.0003	rerun -> database run
mp-9274	Rb3Sb2Au3	R	1.8275	N	1.8278	0.0003	rerun -> database run
mp-1205316	Ba2Ag2Sb2	M	0.6910	N	0.6913	0.0003	May production -> database run
mp-8818	Ca2ZnN2	R	1.9712	N	1.9715	0.0003	rerun -> database run
mp-975140	RbZn4P3	M	1.1800	N	1.1803	0.0003	May production -> database run
mp-23485	Ag2HgI4	M	2.6280	N	2.6283	0.0003	May production -> database run
mp-1784	CsF	R	8.8718	N	8.8721	0.0003	rerun -> database run
mp-31212	K2MgF4	R	11.1480	N	11.1477	-0.0003	rerun -> database run
mp-22937	Na4I2O	R	4.7613	N	4.7616	0.0003	rerun -> database run
mp-3376	Sr2SnO4	R	5.0394	N	5.0391	-0.0003	rerun -> database run
mp-14006	BaGeF6	R	10.5687	N	10.5684	-0.0003	rerun -> database run
mp-24428	K2H4N2	R	5.0245	N	5.0242	-0.0003	rerun -> database run
mp-9821	RbSbF6	R	10.1074	N	10.1077	0.0003	rerun -> database run
mp-13903	ZnSnF6	R	8.3653	N	8.3650	-0.0003	rerun -> database run
mp-682	NaF	R	11.4842	N	11.4844	0.0002	rerun -> database run
mp-10250	BaLiF3	R	10.8625	N	10.8623	-0.0002	rerun -> database run
mp-7723	NaAlF4	R	10.6040	N	10.6042	0.0002	rerun -> database run
mp-7232	Cs2HgO2	R	4.3541	N	4.3543	0.0002	rerun -> database run
mp-541989	Na2CN2	R	5.5715	N	5.5713	-0.0002	rerun -> database run
mp-22981	TlIO3	R	4.4999	N	4.4997	-0.0002	rerun -> database run
mp-571166	Ca2Br4	R	7.0756	N	7.0758	0.0002	rerun -> database run
mp-567441	Hf2I2N2	R	2.3044	N	2.3046	0.0002	rerun -> database run
mp-6781	Ag2C2N2O2	R	5.5988	N	5.5990	0.0002	rerun -> database run
mp-5840	Li2Sc2O4	R	6.8173	N	6.8171	-0.0002	rerun -> database run
mp-7589	Mg4N2F2	R	4.7003	N	4.7001	-0.0002	rerun -> database run
mp-20458	PtPbF6	R	5.1098	N	5.1100	0.0002	rerun -> database run
mp-555718	SrNiF6	R	5.2215	N	5.2217	0.0002	rerun -> database run
mp-9383	SrHfN2	R	1.1987	N	1.1985	-0.0002	rerun -> database run
mp-9307	Ba2ZnN2	R	1.5353	N	1.5351	-0.0002	rerun -> database run
mp-1253	BaSe	R	3.5734	N	3.5732	-0.0002	rerun -> database run
mp-2600	BaTe	R	1.9476	N	1.9478	0.0002	rerun -> database run
mp-169	C2	R	2.5190	N	2.5192	0.0002	rerun -> database run
mp-2667	CsAu	R	2.3664	N	2.3662	-0.0002	rerun -> database run
mp-1018098	Ba2BrN	R	2.3170	N	2.3172	0.0002	rerun -> database run
mp-16763	KYTe2	R	2.4390	N	2.4388	-0.0002	rerun -> database run
mp-644497	BaTiO3	R	2.7060	N	2.7062	0.0002	rerun -> database run
mp-1205322	Ca2H4	M	2.7920	N	2.7922	0.0002	May production -> database run
mp-546862	HgPb2Cl2O2	R	3.6366	N	3.6368	0.0002	rerun -> database run
mp-7863	Rb2Sn2O3	R	2.4057	N	2.4059	0.0002	rerun -> database run
mp-2247	Ag2N6	R	3.6401	N	3.6399	-0.0002	rerun -> database run
mp-4953	Cd2Ge2As4	M	0.3800	N	0.3802	0.0002	May production -> database run
mp-556916	Ga2Ag2S4	M	2.2380	N	2.2378	-0.0002	May production -> database run
mp-3982	K2Cu2O4	R	3.4838	N	3.4836	-0.0002	rerun -> database run
mp-9273	K3Sb2Au3	R	1.6243	N	1.6241	-0.0002	rerun -> database run
mp-8446	K4Cu2P2	R	2.1602	N	2.1604	0.0002	rerun -> database run
mp-691	Sn4Se4	R	1.2433	N	1.2435	0.0002	rerun -> database run
mp-29047	Tl3VO4	R	3.5886	N	3.5888	0.0002	rerun -> database run
mp-552604	YBi2ClO4	R	2.6286	N	2.6288	0.0002	rerun -> database run
mp-22867	RbBr	R	7.1034	N	7.1032	-0.0002	rerun -> database run
mp-560399	NaMgF3	R	10.7188	N	10.7190	0.0002	rerun -> database run
mp-29798	TlBrO3	R	5.6832	N	5.6834	0.0002	rerun -> database run
mp-1249	Mg2F4	R	12.1506	N	12.1508	0.0002	rerun -> database run
mp-8682	Ca2SiO4	R	7.1907	N	7.1905	-0.0002	rerun -> database run
mp-8873	LiGeBO4	R	7.6328	N	7.6326	-0.0002	rerun -> database run
mp-24668	Cs2H2F4	R	10.6602	N	10.6600	-0.0002	rerun -> database run
mp-510273	Cs2Sb2O4	R	4.3120	N	4.3122	0.0002	rerun -> database run
mp-8348	TlSbF6	R	7.8049	N	7.8047	-0.0002	rerun -> database run
mp-30247	MgH2O2	R	8.1513	N	8.1512	-0.0001	rerun -> database run
mp-571222	CsBr	R	7.0498	N	7.0497	-0.0001	rerun -> database run
mp-632319	CsH	R	4.7018	N	4.7017	-0.0001	rerun -> database run
mp-23302	RbI	R	5.5630	N	5.5631	0.0001	rerun -> database run
mp-546787	KNO2	R	7.0547	N	7.0546	-0.0001	rerun -> database run
mp-28873	CsBrO3	R	7.0588	N	7.0589	0.0001	rerun -> database run
mp-5072	Rb2HgO2	R	4.4624	N	4.4625	0.0001	rerun -> database run
mp-1077553	Sr2BBrN2	R	4.0962	N	4.0963	0.0001	rerun -> database run
mp-10497	Sr2C4	R	4.4244	N	4.4243	-0.0001	rerun -> database run
mp-27985	Y2Cl2O2	R	6.9797	N	6.9796	-0.0001	rerun -> database run
mp-549308	LiGeBO4	R	5.7475	N	5.7476	0.0001	rerun -> database run
mp-8962	Rb2HgF4	R	5.0856	N	5.0855	-0.0001	rerun -> database run
mp-13984	CdPdF6	R	5.4716	N	5.4717	0.0001	rerun -> database run
mp-510421	Cr2O6	R	4.2376	N	4.2377	0.0001	rerun -> database run
mp-29025	Li5Br2N	R	4.4876	N	4.4877	0.0001	rerun -> database run
mp-569304	C4	R	3.6772	E	3.6771	-0.0001	rerun -> run with empty spheres
mp-23040	Ca2PI	R	2.9375	N	2.9376	0.0001	rerun -> database run
mp-9889	Ga2S2	R	2.9804	N	2.9805	0.0001	rerun -> database run
mp-571636	In2Cl2	N	2.5199	E	2.5200	0.0001	database run -> run with empty spheres
mp-999460	NaScS2	R	3.4122	N	3.4123	0.0001	rerun -> database run
mp-20459	TiPbO3	M	3.2210	N	3.2209	-0.0001	May production -> database run
mp-570140	Au4Br4	R	3.4749	N	3.4750	0.0001	rerun -> database run
mp-3104	Ba2Zr2N4	R	2.4652	N	2.4653	0.0001	rerun -> database run
mp-1080511	BaMgC2O4	R	3.8429	N	3.8428	-0.0001	rerun -> database run
mp-9922	Hf2S6	R	2.2956	N	2.2957	0.0001	rerun -> database run
mp-30373	RbAu	R	1.4788	N	1.4787	-0.0001	rerun -> database run
mp-552098	Bi2SeO2	R	0.9659	N	0.9660	0.0001	rerun -> database run
mp-9575	Li2Be2Sb2	M	1.4170	N	1.4171	0.0001	May production -> database run
mp-28591	Na4HgP2	R	1.9591	N	1.9590	-0.0001	rerun -> database run
mp-570097	SrLi4P2	R	1.8840	N	1.8839	-0.0001	rerun -> database run
mp-3078	Cd2Si2As4	R	1.3785	N	1.3784	-0.0001	rerun -> database run
mp-29027	Ta2I4O2	R	1.8765	N	1.8766	0.0001	rerun -> database run
mp-573321	Te2Pd2I4	R	1.1377	N	1.1378	0.0001	rerun -> database run
mp-685022	Te4Pb4	R	1.0627	N	1.0626	-0.0001	rerun -> database run
mp-570076	Tl2CdSnTe4	R	0.9464	N	0.9465	0.0001	rerun -> database run
mp-570051	Tl2SnHgTe4	R	0.6451	N	0.6450	-0.0001	rerun -> database run
mp-3595	Zn2Si2As4	R	1.7131	N	1.7132	0.0001	rerun -> database run
mp-4175	Zn2Sn2P4	R	1.5775	N	1.5776	0.0001	rerun -> database run
mp-22906	CsBr	R	6.9711	N	6.9712	0.0001	rerun -> database run
mp-22865	CsCl	R	7.9775	N	7.9776	0.0001	rerun -> database run
mp-573697	CsCl	R	7.8126	N	7.8125	-0.0001	rerun -> database run
mp-23295	RbCl	R	7.9827	N	7.9828	0.0001	rerun -> database run
mp-23299	RbCl	R	7.8855	N	7.8856	0.0001	rerun -> database run
mp-23197	TlI	R	2.7213	N	2.7212	-0.0001	rerun -> database run
mp-5770	AgNO2	R	4.9695	N	4.9696	0.0001	rerun -> database run
mp-22936	Ca2NCl	R	4.1526	N	4.1525	-0.0001	rerun -> database run
mp-561203	F4	R	9.9285	N	9.9284	-0.0001	rerun -> database run
mp-15794	LiYSe2	R	2.6992	N	2.6991	-0.0001	rerun -> database run
mp-30041	RbBiS2	R	2.2140	N	2.2139	-0.0001	rerun -> database run
mp-625548	CdH2O2	R	4.1643	N	4.1644	0.0001	rerun -> database run
mp-22535	HfPbO3	R	3.5834	N	3.5835	0.0001	rerun -> database run
mp-28593	Li3BrO	R	7.1604	N	7.1603	-0.0001	rerun -> database run
mp-4961	Na2HgO2	R	3.7941	N	3.7940	-0.0001	rerun -> database run
mp-341	PbF4	R	5.1325	N	5.1326	0.0001	rerun -> database run
mp-6951	RbCdF3	R	7.0393	N	7.0392	-0.0001	rerun -> database run
mp-22993	AgClO4	R	6.0979	N	6.0980	0.0001	rerun -> database run
mp-22904	Ca2Cl4	R	8.3741	N	8.3742	0.0001	rerun -> database run
mp-1018656	Ca2H3Br	R	3.8255	N	3.8254	-0.0001	rerun -> database run
mp-27716	K2Tl2O2	R	2.3272	N	2.3271	-0.0001	rerun -> database run
mp-23856	Li2H2O2	R	7.8801	N	7.8800	-0.0001	rerun -> database run
mp-30053	Na2C2N2	R	9.0992	N	9.0991	-0.0001	rerun -> database run
mp-626620	Rb2H2O2	R	6.6631	N	6.6632	0.0001	rerun -> database run
mp-643043	Rb2H2O2	R	6.4276	N	6.4277	0.0001	rerun -> database run
mp-5479	RbAlF4	R	11.6677	N	11.6676	-0.0001	rerun -> database run
mp-551826	NbTlBr4O	R	2.6663	N	2.6664	0.0001	rerun -> database run
mp-5532	Sr2TiO4	R	4.0637	N	4.0636	-0.0001	rerun -> database run
mp-545730	Ag2C2N2O2	R	3.4361	N	3.4362	0.0001	rerun -> database run
mp-571297	Ag2N6	R	3.3300	N	3.3301	0.0001	rerun -> database run
mp-3098	Al2Cu2O4	R	3.8626	N	3.8627	0.0001	rerun -> database run
mp-23807	Al2H2O4	R	8.6306	N	8.6305	-0.0001	rerun -> database run
mp-8290	BaSnF6	R	9.6931	N	9.6930	-0.0001	rerun -> database run
mp-542772	Cs2Ag2Cl4	R	4.7349	N	4.7348	-0.0001	rerun -> database run
mp-27422	CsBiF6	R	7.0774	N	7.0775	0.0001	rerun -> database run
mp-11980	CsNbF6	R	9.2270	N	9.2271	0.0001	rerun -> database run
mp-570219	In2Br6	R	4.6128	N	4.6129	0.0001	rerun -> database run
mp-9778	K4Ag2P2	R	2.1876	N	2.1877	0.0001	rerun -> database run
mp-9143	LiPF6	R	13.5161	N	13.5162	0.0001	rerun -> database run
mp-20343	Na2Au2O4	R	3.2825	N	3.2826	0.0001	rerun -> database run
mp-560008	P2N2F4	R	9.1335	N	9.1334	-0.0001	rerun -> database run
mp-7467	Rb2Cu2O4	R	3.5350	N	3.5351	0.0001	rerun -> database run
mp-29764	Rb2H2F4	R	11.3142	N	11.3143	0.0001	rerun -> database run
mp-8360	Rb4Te4	R	2.2709	N	2.2710	0.0001	rerun -> database run
mp-696736	RbBe2F5	R	11.9512	N	11.9513	0.0001	rerun -> database run
mp-720	Tl4F4	R	4.7316	N	4.7317	0.0001	rerun -> database run
mp-626151	Y2H2O4	R	6.1079	N	6.1080	0.0001	rerun -> database run
mp-551816	YBi2IO4	R	2.4607	N	2.4608	0.0001	rerun -> database run
mp-1500	BaS	R	3.9202	N	3.9202	0.0000	rerun -> database run
mp-1519	CaTe	R	2.9634	N	2.9634	0.0000	rerun -> database run
mp-22898	KI	R	6.3362	N	6.3362	0.0000	rerun -> database run
mp-23303	RbBr	R	6.7125	N	6.7125	0.0000	rerun -> database run
mp-22473	NaInSe2	R	2.0800	N	2.0800	0.0000	rerun -> database run
mp-558189	Ag3SI	R	1.8123	N	1.8123	0.0000	rerun -> database run
mp-4559	BaCO3	R	7.4650	N	7.4650	0.0000	rerun -> database run
mp-5860	K2HgO2	R	4.4947	N	4.4947	0.0000	rerun -> database run
mp-550506	KClO3	R	8.7624	N	8.7624	0.0000	rerun -> database run
mp-23011	RbClO3	R	8.8110	N	8.8110	0.0000	rerun -> database run
mp-5606	AlTlF4	R	7.2280	N	7.2280	0.0000	rerun -> database run
mp-1077316	C2O4	R	11.2023	N	11.2023	0.0000	rerun -> database run
mp-30302	Hf2Br2N2	R	3.4539	N	3.4539	0.0000	rerun -> database run
mp-23940	Na2H2O2	R	6.8139	N	6.8139	0.0000	rerun -> database run
mp-1019269	Sr2H3I	R	3.9648	N	3.9648	0.0000	rerun -> database run
mp-23052	Zr2I2N2	R	2.8761	N	2.8761	0.0000	rerun -> database run
mp-28627	K4Br2O	R	3.4037	N	3.4037	0.0000	rerun -> database run
mp-7700	SiB6	R	0.2653	N	0.2653	0.0000	rerun -> database run
mp-1078191	Ba4Te2O2	R	3.2306	N	3.2306	0.0000	rerun -> database run
mp-22604	InAsF6	R	6.9504	N	6.9504	0.0000	rerun -> database run
mp-19052	K3VO4	R	6.1754	N	6.1754	0.0000	rerun -> database run
mp-9687	K4P2Au2	R	1.8127	N	1.8127	0.0000	rerun -> database run
mp-863757	K4Sb2Au2	R	1.7791	N	1.7791	0.0000	rerun -> database run
mp-14232	Li2B2O4	R	10.3822	N	10.3822	0.0000	rerun -> database run
mp-14070	Rb2Al2O4	R	6.3530	N	6.3530	0.0000	rerun -> database run
mp-697144	Rb2H4N2	R	4.7774	N	4.7774	0.0000	rerun -> database run
mp-24066	Sr2H2Cl2O2	R	7.8644	N	7.8644	0.0000	rerun -> database run
mp-870	Tl2N6	R	2.9588	N	2.9588	0.0000	rerun -> database run
mp-555911	TlAsF6	R	8.4643	N	8.4643	0.0000	rerun -> database run
mp-2918	Y2Cu2O4	R	4.4631	N	4.4631	0.0000	rerun -> database run
mp-8256	ZnPtF6	R	6.0023	N	6.0023	0.0000	rerun -> database run
